timestamp,temperature_celsius,vibration_mm_s,current_amps,fault_detected
2026-09-19 06:56:15.212371,91.1871906734207,8.892544198753347,21.032788110507145,1.0
2026-09-18 23:32:15.212371,46.15414425436108,1.2230394325490226,11.199548010761742,0.0
2026-09-18 16:25:15.212371,46.50386606537355,2.5970449964491538,11.782256814715078,0.0
2026-09-18 20:12:15.212371,42.10383131700535,1.9518624565523992,12.188550196951093,0.0
2026-09-18 19:20:15.212371,45.71403097193009,2.86632003860779,11.955818520397333,0.0
2026-09-18 21:27:15.212371,48.51068168488641,2.654910355113514,12.138688468979096,0.0
2026-09-18 16:05:15.212371,44.530825733249706,2.091532164506382,12.089790890969798,0.0
2026-09-19 03:10:15.212371,47.29854665257135,2.868421948546217,11.685368303153606,0.0
2026-09-18 16:10:15.212371,44.67742857666798,2.5955495340099515,12.204909328464256,0.0
2026-09-18 22:47:15.212371,48.81883328094026,2.9960211747682615,11.548974222821245,0.0
2026-09-19 05:50:15.212371,89.60900750988625,10.943880785796193,18.183504968896745,1.0
2026-09-19 06:33:15.212371,88.25568120911828,8.682111368211702,16.85929726717264,1.0
2026-09-19 02:44:15.212371,48.33094888892515,1.9150415821448559,12.003531579314089,0.0
2026-09-19 01:58:15.212371,42.83787334480021,2.2178762006713058,12.042659071282513,0.0
2026-09-19 07:00:15.212371,89.24215441102642,7.952841244437836,16.096163079955527,1.0
2026-09-18 19:43:15.212371,44.37946648681309,2.4711906014832072,11.689576200874441,0.0
2026-09-18 15:22:15.212371,43.32156495355472,2.0838222134478857,12.084230488134807,0.0
2026-09-18 15:56:15.212371,45.19415509869608,2.910241090598682,12.293346900737637,0.0
2026-09-19 03:17:15.212371,43.87506644821146,1.8728552884153753,11.7258563517547,0.0
2026-09-18 16:31:15.212371,49.380911251619956,1.7384065476081125,12.542991058087516,0.0
2026-09-19 02:50:15.212371,46.03531804093824,2.19889396981911,10.923328540064379,0.0
2026-09-19 05:16:15.212371,84.93081126952882,6.474975307135255,18.282514280174926,1.0
2026-09-19 03:38:15.212371,45.54315767439075,2.7182799020788337,11.251735372454961,0.0
2026-09-19 05:23:15.212371,83.60119915752082,6.031671209852891,21.449393299522217,1.0
2026-09-18 16:48:15.212371,41.78503353087754,2.8251005889793306,12.035026081556591,0.0
2026-09-18 21:51:15.212371,46.33934509766008,1.8880298666188717,12.560515333662236,0.0
2026-09-19 04:58:15.212371,81.07006983682508,8.390663395000335,13.825945962795863,1.0
2026-09-18 19:55:15.212371,46.25669101852856,2.66438120515174,12.979173727110297,0.0
2026-09-19 02:13:15.212371,48.50958836396873,2.9776526042852556,11.908401690639806,0.0
2026-09-19 06:49:15.212371,91.11784441209313,6.436933381635345,18.577447325650045,1.0
2026-09-18 22:55:15.212371,43.33809976717792,2.7373491164399764,12.301593715541172,0.0
2026-09-18 16:58:15.212371,43.63995055684302,1.874230287904778,11.672962158436288,0.0
2026-09-19 02:54:15.212371,43.776964394016105,2.883040139192345,12.346739455956996,0.0
2026-09-19 02:30:15.212371,45.34173087625588,2.3138966119644735,11.997201990585477,0.0
2026-09-18 15:27:15.212371,44.62868204667237,1.742127942501384,11.940965736504461,0.0
2026-09-18 20:57:15.212371,45.98383834301301,1.8329872525408977,12.377145664906788,0.0
2026-09-19 06:54:15.212371,80.99980717801176,7.315818758788717,15.739592550652151,1.0
2026-09-19 02:53:15.212371,43.48923413529336,2.650895949909733,11.56861211797844,0.0
2026-09-18 16:56:15.212371,45.50098570069175,2.379381971071835,10.64838385350038,0.0
2026-09-18 15:26:15.212371,44.04165152430942,2.6014615104256498,12.658557533669933,0.0
2026-09-18 19:26:15.212371,43.34200997815586,2.999005054929826,12.348477202255367,0.0
2026-09-18 23:24:15.212371,47.01258561842888,2.3059115907293855,11.38044646217305,0.0
2026-09-18 15:06:15.212371,46.47693315999082,2.4752681451737835,12.012109728336378,0.0
2026-09-18 18:51:15.212371,42.5044336360703,1.940165052686928,11.168754005982162,0.0
2026-09-19 06:18:15.212371,94.35482587685891,7.301291646322756,18.93334196393216,1.0
2026-09-18 15:46:15.212371,44.56065622432497,3.7634662129368106,12.201865045168304,0.0
2026-09-19 02:48:15.212371,43.750362844608645,3.330629607273935,12.2460094239964,0.0
2026-09-19 01:54:15.212371,46.42191993640698,1.7371718427149525,11.70124490265418,0.0
2026-09-18 22:14:15.212371,43.93899770477894,2.1322350287051166,12.71137406804997,0.0
2026-09-18 22:53:15.212371,43.27201846064037,2.495440501677898,12.31919596280419,0.0
2026-09-19 06:58:15.212371,84.78588309344212,7.380503266784849,18.14407372256749,1.0
2026-09-18 21:08:15.212371,45.010487399436364,2.561148751516142,11.60379003950002,0.0
2026-09-19 01:31:15.212371,45.21286045538379,2.794289202210305,12.596253756238987,0.0
2026-09-19 01:48:15.212371,43.950959467440455,3.3634819256167026,12.597054701523685,0.0
2026-09-19 03:59:15.212371,80.41248589492868,7.990218027155813,17.357514467764176,1.0
2026-09-18 18:57:15.212371,42.12827569764112,2.738520413611561,11.892539484855632,0.0
2026-09-19 00:03:15.212371,46.54173038777393,3.019952343698038,12.092370289447862,0.0
2026-09-18 23:21:15.212371,45.09479734263283,2.3314570144409803,11.71319911355155,0.0
2026-09-19 06:52:15.212371,78.40376402700616,6.845005900703814,17.75458213280855,1.0
2026-09-18 16:44:15.212371,46.627034434739336,2.6219003568855994,12.475153795986788,0.0
2026-09-19 02:52:15.212371,45.373533528954155,2.000807280405854,11.760581271995799,0.0
2026-09-19 06:21:15.212371,87.67314543061218,7.322510785760566,21.494726395831115,1.0
2026-09-18 17:19:15.212371,45.68230394963329,2.1736880103488048,12.097303727618621,0.0
2026-09-18 20:27:15.212371,48.06547782600516,3.645471286295371,12.142777037428829,0.0
2026-09-18 15:05:15.212371,45.39372247173824,2.3930055778872457,11.466233542872864,0.0
2026-09-18 20:19:15.212371,44.68012294007315,1.8384551032962508,11.67311683067559,0.0
2026-09-18 15:02:15.212371,45.41772719000951,3.2752502464070385,11.522438710325323,0.0
2026-09-18 15:14:15.212371,45.68723657913692,2.181130007874342,12.593693025782375,0.0
2026-09-18 21:00:15.212371,47.35888024144258,1.7035031332341655,12.175724103770792,0.0
2026-09-19 01:33:15.212371,48.007985977165376,2.6973357649114904,12.159825912959489,0.0
2026-09-18 20:17:15.212371,47.950712433899106,1.4233049431981426,12.630960750356996,0.0
2026-09-18 18:46:15.212371,43.146139056843836,2.885849355324172,11.932845629264726,0.0
2026-09-18 17:28:15.212371,42.858215003877774,2.0165119284353934,11.247639812984499,0.0
2026-09-19 05:49:15.212371,83.432351569138,10.222495103693898,17.871623645783004,1.0
2026-09-18 18:59:15.212371,45.020466122039174,1.8585038879057152,12.38983026613467,0.0
2026-09-18 20:44:15.212371,49.37960586643534,2.0057044464245415,11.613561166088196,0.0
2026-09-18 17:58:15.212371,46.908003526986406,3.5376304363126327,12.806110314127713,0.0
2026-09-19 01:56:15.212371,44.27806766836184,2.2240709270537766,12.86944983189879,0.0
2026-09-19 04:28:15.212371,78.53868652447191,6.728549107071373,20.95386885223655,1.0
2026-09-19 06:45:15.212371,93.79310242097567,8.719162277129096,18.399620867437427,1.0
2026-09-19 05:32:15.212371,99.74547212654363,8.217331749645338,17.167611190229493,1.0
2026-09-18 18:56:15.212371,47.88254657813223,2.476539710560408,11.447147665757033,0.0
2026-09-18 17:50:15.212371,42.24466126408582,2.849111656806795,11.098430161872027,0.0
2026-09-18 14:39:15.212371,41.1734395106844,2.5982773882557875,11.9610814014936,0.0
2026-09-18 16:19:15.212371,49.92648422497057,3.2887266398817374,12.42371083857521,0.0
2026-09-18 17:37:15.212371,46.71279758864694,1.4791325657878547,12.057513039573708,0.0
2026-09-18 19:37:15.212371,47.19755370397438,2.6087164365898614,13.115650073096315,0.0
2026-09-18 20:56:15.212371,43.20317065730328,2.55268775307298,12.400204762613841,0.0
2026-09-18 23:10:15.212371,43.473481686914965,2.53223720740506,12.011232946406023,0.0
2026-09-19 05:25:15.212371,86.70025647284446,9.993399979303113,18.57465780880602,1.0
2026-09-19 03:57:15.212371,92.68965959206277,6.293471494362775,16.728884317191195,1.0
2026-09-18 18:37:15.212371,46.83572389410955,2.6979017667187044,12.887655446304755,0.0
2026-09-19 00:57:15.212371,48.05910063892123,2.9078686062696484,12.395312799581385,0.0
2026-09-19 01:38:15.212371,44.3146248118393,2.4329914166635414,11.662145960419194,0.0
2026-09-18 20:14:15.212371,43.56311155749513,3.297252531612486,12.563025125386083,0.0
2026-09-18 19:22:15.212371,46.7991997508665,2.539317595158045,11.870601968666449,0.0
2026-09-18 22:46:15.212371,46.85235509506328,2.1659547731784756,12.188204763048759,0.0
2026-09-18 22:20:15.212371,48.28993542700257,3.1065488499895917,11.691174052282825,0.0
2026-09-18 15:47:15.212371,45.71422514302349,2.2345656135398397,11.987902196804542,0.0
2026-09-18 21:22:15.212371,48.102303951045045,2.163254687878066,11.867742579344695,0.0
2026-09-19 00:02:15.212371,45.47122911621713,2.165463630670042,11.19616948644097,0.0
2026-09-19 03:41:15.212371,47.10630570666581,1.9951346476450311,11.275177390150734,0.0
2026-09-19 05:37:15.212371,87.73632398688983,10.298551587017174,18.71690723641924,1.0
2026-09-19 06:41:15.212371,79.44016487112918,7.572686759945494,18.21150758254296,1.0
2026-09-18 15:59:15.212371,44.344675706804466,3.0846477952228364,11.327010159876625,0.0
2026-09-19 06:19:15.212371,86.94807088685452,7.773743432649957,21.04201245431876,1.0
2026-09-19 03:01:15.212371,50.26476412967478,2.683682753408089,12.130625265616928,0.0
2026-09-18 14:49:15.212371,42.15050362757309,2.3185807197801704,11.665927957230503,0.0
2026-09-18 15:45:15.212371,41.024862170798215,3.094196636724042,11.784189843640975,0.0
2026-09-18 17:44:15.212371,45.116417436892,2.2144105051086016,12.538003569299299,0.0
2026-09-18 17:13:15.212371,48.7935859653079,3.4004702164554077,11.912057093783831,0.0
2026-09-18 20:22:15.212371,44.96297372801522,2.155924827411138,10.932162893010652,0.0
2026-09-19 03:50:15.212371,93.36726045149268,7.063481915430164,17.809071505821855,1.0
2026-09-18 22:57:15.212371,44.89952378110173,2.9088831496001437,11.918603546963853,0.0
2026-09-19 00:28:15.212371,46.73921184021132,3.0928520773314983,12.35987897107409,0.0
2026-09-19 00:19:15.212371,45.667324210573895,2.5682676655413688,11.318412997703595,0.0
2026-09-19 01:45:15.212371,47.54311018998832,2.281270849838295,12.231295646426975,0.0
2026-09-18 16:02:15.212371,45.592240554129155,2.416440959841573,11.499834337697212,0.0
2026-09-18 22:11:15.212371,44.55806080093355,1.79314275154751,11.70862067119421,0.0
2026-09-19 03:29:15.212371,46.22117149056765,2.5308399249239857,11.975673824214775,0.0
2026-09-18 22:30:15.212371,43.48729850943139,2.107005269746025,11.724731575254209,0.0
2026-09-19 04:05:15.212371,78.36763935844459,10.18373348322015,14.14465484130878,1.0
2026-09-19 06:06:15.212371,81.45210072625413,8.622298250542865,19.993141021158895,1.0
2026-09-19 02:10:15.212371,41.886741652952196,2.414907688737536,12.997833744891983,0.0
2026-09-19 00:52:15.212371,43.02079035948284,3.528103564970161,12.709801502256818,0.0
2026-09-19 01:51:15.212371,46.425996860344775,2.966295415936545,12.231030446625947,0.0
2026-09-18 15:21:15.212371,46.8625602382324,2.214626853125262,11.852299294930486,0.0
2026-09-18 22:15:15.212371,43.84836351871064,3.118046587605219,12.463107701120796,0.0
2026-09-18 21:48:15.212371,40.86511579992025,2.2091595430256783,11.737955801032705,0.0
2026-09-19 02:17:15.212371,44.806573776259214,2.4031702703601407,12.897605677956161,0.0
2026-09-18 15:24:15.212371,45.66252686280713,2.2238884778595143,11.49672871736018,0.0
2026-09-18 20:25:15.212371,43.345538112895355,2.3375843082456886,12.11161945706458,0.0
2026-09-18 17:21:15.212371,46.65436649807205,1.5552296345272345,11.339988744389647,0.0
2026-09-18 21:35:15.212371,41.48252102715377,3.6052615007956756,11.754181907183977,0.0
2026-09-18 20:10:15.212371,44.057923388763356,2.413464087858065,12.310785944928025,0.0
2026-09-18 19:07:15.212371,46.3242613490421,2.3253711478407855,12.807791411774115,0.0
2026-09-18 21:54:15.212371,43.972266165326616,2.616892955895374,11.83605264174354,0.0
2026-09-18 14:48:15.212371,45.13505640937585,3.649449061809625,12.459614467287603,0.0
2026-09-19 02:47:15.212371,42.4408460665286,3.386125798334872,12.210486472194695,0.0
2026-09-19 05:55:15.212371,79.34555782337043,7.272041246948198,19.970899371230438,1.0
2026-09-19 04:30:15.212371,82.48512614724328,6.365550443986417,18.43355112752526,1.0
2026-09-19 03:07:15.212371,45.244019629290726,2.1263941604260883,11.323664857078233,0.0
2026-09-18 18:44:15.212371,45.887638856292455,2.771800077297216,12.14434681463993,0.0
2026-09-19 01:24:15.212371,45.39616952153571,3.144876377041373,10.697893071686433,0.0
2026-09-18 19:02:15.212371,45.39811939114694,1.7217090506701245,11.718915986710849,0.0
2026-09-19 00:46:15.212371,43.419051089109374,2.7691480395248167,11.82082992398939,0.0
2026-09-19 02:51:15.212371,43.54851237369307,2.734387128037512,12.548576355876849,0.0
2026-09-18 23:36:15.212371,45.1731795749458,1.9149434869703201,11.912072797783964,0.0
2026-09-18 23:18:15.212371,44.86784040270537,2.393278564534896,12.33643061798341,0.0
2026-09-19 00:29:15.212371,47.7112757176099,2.8594766553325335,11.353363521064418,0.0
2026-09-19 01:06:15.212371,44.32843060141975,2.831440634333706,12.052947226557617,0.0
2026-09-18 20:52:15.212371,45.683511951554316,2.0087563032308453,12.362547893423999,0.0
2026-09-19 06:39:15.212371,84.74897691479127,5.67707255170438,21.974551998461617,1.0
2026-09-18 23:47:15.212371,49.15080159729088,2.789645749800544,12.123252389216002,0.0
2026-09-19 01:09:15.212371,41.993714093763785,1.8515840260220768,11.217879194144475,0.0
2026-09-18 23:46:15.212371,45.57954971379283,2.4923450754135024,11.444271021531485,0.0
2026-09-18 23:51:15.212371,44.1838492539569,2.420735213486515,11.492452904086065,0.0
2026-09-18 17:43:15.212371,45.30745021189106,2.820421430633505,11.601987071598256,0.0
2026-09-19 01:37:15.212371,40.8532195351837,2.195108547840309,11.756385717943225,0.0
2026-09-19 02:34:15.212371,43.920480639381275,2.255575289106863,12.347768878782889,0.0
2026-09-19 02:55:15.212371,42.18667780630356,3.1134666119421537,11.803993680040435,0.0
2026-09-19 00:44:15.212371,45.96201846347343,3.264234213206266,13.049860894583258,0.0
2026-09-19 01:42:15.212371,42.778848309068344,2.4395259256961093,12.339686641478252,0.0
2026-09-19 06:36:15.212371,85.19118997480014,7.69121085367949,14.175490049160446,1.0
2026-09-18 19:15:15.212371,43.754600960358815,2.401825075457511,11.99277386456086,0.0
2026-09-18 15:49:15.212371,43.9634595634527,3.022080438534536,12.162179640860801,0.0
2026-09-18 19:44:15.212371,45.64833270497689,2.6005495233574836,11.915928090707606,0.0
2026-09-18 20:45:15.212371,43.3834034292897,1.9482053413921145,12.203526143562268,0.0
2026-09-19 04:46:15.212371,85.37977633958043,6.236608091562722,16.937571410784802,1.0
2026-09-18 15:32:15.212371,44.85597975683933,2.6429326953624526,11.500348883852544,0.0
2026-09-19 01:12:15.212371,39.60622671411686,2.2356916591251217,11.550607975838435,0.0
2026-09-19 05:03:15.212371,92.26630331660517,5.652795842956918,16.664440887062227,1.0
2026-09-18 23:31:15.212371,43.406209489059044,1.7575510157750482,12.744931719301041,0.0
2026-09-18 15:03:15.212371,41.08065975224045,2.0008229796306045,12.21179953279673,0.0
2026-09-18 17:29:15.212371,45.964944830486374,2.4761443219290102,12.380027981844801,0.0
2026-09-19 01:08:15.212371,44.48081729727279,2.5905107793518534,12.988220292257743,0.0
2026-09-19 05:51:15.212371,87.41343943604606,8.00554350777177,18.504480792853354,1.0
2026-09-19 04:17:15.212371,79.90167830653942,8.694777192901377,16.15106802374089,1.0
2026-09-18 18:35:15.212371,45.809963421921914,3.1900456770737255,12.213597180935842,0.0
2026-09-18 15:57:15.212371,46.93728998106578,2.753637015553649,11.762548171688739,0.0
2026-09-18 14:35:15.212371,46.08512008717193,2.052696348890248,11.873823248936857,0.0
2026-09-18 22:59:15.212371,43.18487267591681,2.778905153175931,11.498906272109263,0.0
2026-09-18 22:00:15.212371,43.939484763255116,3.113834496236646,11.327064538263393,0.0
2026-09-18 21:38:15.212371,44.46118633111089,2.4558589758243725,12.23817888467811,0.0
2026-09-18 18:08:15.212371,46.37252038074903,2.4878227038695084,11.88757200909596,0.0
2026-09-18 17:02:15.212371,48.731549022289514,2.671362673188852,11.931275742686154,0.0
2026-09-18 23:03:15.212371,43.044889510402896,2.347387647822666,11.502825312695744,0.0
2026-09-18 18:11:15.212371,47.17790119393473,2.7181618348370162,12.220970324784705,0.0
2026-09-19 04:39:15.212371,81.42120005444625,9.545870878436086,18.441082854027734,1.0
2026-09-18 15:39:15.212371,48.12928731162801,2.1345349800290405,11.538794907750749,0.0
2026-09-19 06:37:15.212371,77.75704292683228,6.8801324801896415,17.862731907829062,1.0
2026-09-18 15:18:15.212371,43.646155999388085,2.181306436346741,12.097192150788668,0.0
2026-09-18 22:44:15.212371,43.248763493230484,2.6336961570359514,11.223120616991968,0.0
2026-09-19 02:49:15.212371,45.05218210042167,2.271451871706864,11.73698257866621,0.0
2026-09-18 23:34:15.212371,45.742291746742616,1.8165606507922893,11.948372619925477,0.0
2026-09-18 22:31:15.212371,42.155492580804655,1.834383523221111,11.389643787042921,0.0
2026-09-18 18:27:15.212371,44.7705271170662,2.27055786856553,11.05907547725118,0.0
2026-09-19 01:27:15.212371,43.90628211751922,1.887850881855317,12.202147377480848,0.0
2026-09-18 17:22:15.212371,45.02600378375581,2.2738468403754615,11.694115454547358,0.0
2026-09-18 16:24:15.212371,47.28564562903004,2.2767831927247357,12.35472590856952,0.0
2026-09-18 17:24:15.212371,44.470686333524085,1.7080485882571383,11.78534888774137,0.0
2026-09-19 01:19:15.212371,42.78694818251666,3.800841557090197,11.993955526076972,0.0
2026-09-19 03:22:15.212371,43.54572564835026,1.6924340920472454,11.820115677105457,0.0
2026-09-18 23:43:15.212371,44.13488362436076,2.6959020027012732,11.841142451621883,0.0
2026-09-18 18:12:15.212371,45.128560038190926,2.5190017390841,11.454800461278577,0.0
2026-09-19 00:54:15.212371,45.11144982457739,2.389373188207114,11.066730024319693,0.0
2026-09-18 15:20:15.212371,47.0619990449919,3.2102521239949273,12.169241921730846,0.0
2026-09-18 15:50:15.212371,43.38301279421363,2.8409457448131556,11.410480104420099,0.0
2026-09-19 04:37:15.212371,80.84088895884777,10.278925885462654,19.666667823560616,1.0
2026-09-19 03:05:15.212371,46.40061975881798,2.3644381994787156,12.204326405740336,0.0
2026-09-18 17:15:15.212371,43.49252767128502,1.784612448940976,12.275742688020234,0.0
2026-09-18 16:39:15.212371,45.947184861270365,1.400597021689959,11.848410108582863,0.0
2026-09-18 16:32:15.212371,43.018927349738625,2.2205390763642057,11.732018277442975,0.0
2026-09-19 06:40:15.212371,98.10396545514988,7.263269379286843,19.822725444349445,1.0
2026-09-18 22:09:15.212371,45.42795982146844,2.039663203460317,11.948389123533753,0.0
2026-09-18 23:30:15.212371,40.05671099974542,2.974777067720662,11.888398872682597,0.0
2026-09-18 18:01:15.212371,46.51793844098653,2.598955391731324,11.554403887292356,0.0
2026-09-18 22:26:15.212371,44.74416481703847,2.566770452391141,12.000263979428299,0.0
2026-09-18 21:11:15.212371,46.245699864695,2.5202958456019413,12.106646853686469,0.0
2026-09-19 03:31:15.212371,47.16156145110924,2.846552803631572,11.620752332649966,0.0
2026-09-18 17:41:15.212371,45.77063475945767,2.3594498535570225,11.62401533413059,0.0
2026-09-18 18:19:15.212371,43.696799304788364,2.8235979698513707,12.143562082600912,0.0
2026-09-19 04:48:15.212371,87.41124476340329,8.895842327380077,15.795415700327153,1.0
2026-09-18 15:33:15.212371,47.00706579578405,2.6672283949935123,11.74761253938589,0.0
2026-09-18 22:17:15.212371,40.39615767052883,2.8045690604535887,12.61806536090311,0.0
2026-09-19 05:21:15.212371,89.06602593373988,10.147050172746775,25.852475412872653,1.0
2026-09-18 18:50:15.212371,44.49486369721368,2.318779529298434,12.652170121439076,0.0
2026-09-19 06:05:15.212371,85.27467055499925,9.280963964828336,17.215057787878255,1.0
2026-09-19 04:53:15.212371,85.18968917723801,6.151215027847236,16.226638155433086,1.0
2026-09-19 02:39:15.212371,41.59483279152432,2.426198706850666,11.821485399596696,0.0
2026-09-18 17:31:15.212371,46.42800098818418,1.9208176554037286,11.271224250267535,0.0
2026-09-19 06:26:15.212371,79.93052023853731,8.944294376332717,16.350971676944653,1.0
2026-09-19 06:20:15.212371,80.65853634061817,7.889078651587411,16.102166958350324,1.0
2026-09-19 06:24:15.212371,86.63910586421542,6.304076997593711,20.27124029436589,1.0
2026-09-19 06:47:15.212371,86.94579597833965,7.0253521597276,20.544707000213535,1.0
2026-09-19 01:17:15.212371,47.25313005909551,3.351107472317619,12.755577465123674,0.0
2026-09-18 14:28:15.212371,46.29537707620138,2.5480603884704918,11.677017910437732,0.0
2026-09-19 01:47:15.212371,42.741896457565545,2.3135834239541166,11.661217673832173,0.0
2026-09-19 00:23:15.212371,43.042472568435386,2.0141929807446743,12.009573888707877,0.0
2026-09-18 17:17:15.212371,43.368379430069126,2.1594741712625596,12.847525520215376,0.0
2026-09-18 18:49:15.212371,42.95122471733142,1.63014311061095,11.12573401338091,0.0
2026-09-18 18:16:15.212371,43.53926673656573,2.3713117312883276,12.354107211628278,0.0
2026-09-19 02:04:15.212371,46.8480540384138,3.0120312629057313,12.32522504626807,0.0
2026-09-18 14:27:15.212371,44.72347139765763,2.2419776358913133,12.687438209574092,0.0
2026-09-18 14:40:15.212371,41.550164334973935,3.0159222697343173,11.909760043204686,0.0
2026-09-19 05:02:15.212371,83.84566813077616,8.52447507094954,16.126987250420807,1.0
2026-09-18 22:56:15.212371,45.54091365155968,2.487486520627428,11.727942998942904,0.0
2026-09-18 21:09:15.212371,45.09396118752949,2.771649014518194,11.84601923518048,0.0
2026-09-18 23:59:15.212371,44.561798942382275,1.6932193010616294,12.07587899612437,0.0
2026-09-19 05:05:15.212371,88.46459311515805,7.604827675876626,17.62534196318725,1.0
2026-09-19 03:35:15.212371,41.67807813296802,2.5430719415231873,12.517624667361876,0.0
2026-09-19 02:09:15.212371,42.18307740727288,2.498312771294524,12.125100103125847,0.0
2026-09-18 16:54:15.212371,46.0438831312338,2.4772069918222512,12.094790808299372,0.0
2026-09-19 01:30:15.212371,43.57430843464567,2.2097382750976386,12.340108052725224,0.0
2026-09-18 21:23:15.212371,45.23134926858572,2.639497081111901,10.998068817796623,0.0
2026-09-19 06:09:15.212371,83.4575860577209,8.837209271777759,17.618993788004378,1.0
2026-09-18 17:00:15.212371,45.586144946597365,2.4589244108037156,12.25560129976249,0.0
2026-09-19 04:35:15.212371,81.5472947384187,9.35341576067997,16.921754593702044,1.0
2026-09-18 23:58:15.212371,45.65385474752833,1.8140494285343218,11.840076238372578,0.0
2026-09-18 18:14:15.212371,43.569392581480066,2.8067589863652085,11.950705933857869,0.0
2026-09-18 14:58:15.212371,44.973005550524135,1.9979296166239662,11.67822508384127,0.0
2026-09-19 05:40:15.212371,84.3727286999855,8.551473939487133,19.371015477580407,1.0
2026-09-18 19:14:15.212371,45.561983735470065,2.3704789270896485,11.763080326464541,0.0
2026-09-18 18:39:15.212371,47.06493052110229,2.6303368829119536,12.459577086805,0.0
2026-09-18 22:43:15.212371,44.61932264383278,2.354862727905674,11.464071383479922,0.0
2026-09-18 16:06:15.212371,42.16925851589917,2.6843366544364504,12.17531504963678,0.0
2026-09-19 05:31:15.212371,80.87294735010522,9.56763271112713,19.50115833504353,1.0
2026-09-19 04:04:15.212371,86.95347960464072,8.685920606922862,18.787594596432502,1.0
2026-09-18 16:57:15.212371,45.69289641899395,2.6760276982571485,12.338937659765454,0.0
2026-09-19 04:40:15.212371,88.4102603285631,7.013248169221795,20.435918304611118,1.0
2026-09-19 05:20:15.212371,78.71746552860373,8.500789949852802,19.01653727934918,1.0
2026-09-18 15:35:15.212371,43.709760490789755,3.505102269383175,12.27336678410069,0.0
2026-09-19 00:10:15.212371,45.36373251011699,2.8710476860046534,10.894069044335247,0.0
2026-09-19 00:04:15.212371,42.04282750844032,2.197192230131568,13.011803109614819,0.0
2026-09-19 01:34:15.212371,39.69806038321398,1.9020584689824078,11.747910084496164,0.0
2026-09-18 18:42:15.212371,47.533822298373245,2.4872229645042774,12.696232650032165,0.0
2026-09-18 19:48:15.212371,43.36355863353305,2.8193651110145925,11.463628487130096,0.0
2026-09-18 18:40:15.212371,41.961260068091974,2.22484742307729,12.50029115902149,0.0
2026-09-19 05:47:15.212371,99.92629501301705,7.241379943607095,19.49001062575456,1.0
2026-09-19 02:12:15.212371,42.43914129500743,2.8481937237283574,12.303361529568091,0.0
2026-09-18 14:43:15.212371,45.628494665190544,2.9448153978117184,11.624104474952407,0.0
2026-09-18 18:07:15.212371,41.2654696148165,2.2131499980307106,12.038425941479383,0.0
2026-09-19 05:04:15.212371,78.30697100138376,8.143016299161962,18.584385456652747,1.0
2026-09-19 00:34:15.212371,41.44255950219144,2.338660080578932,11.843470984738422,0.0
2026-09-18 15:31:15.212371,47.71248005714165,2.3061492200320077,11.988565968850558,0.0
2026-09-18 17:48:15.212371,47.16610248635055,2.529815184960087,11.645796616544768,0.0
2026-09-18 19:54:15.212371,46.24823963410431,2.467930826703504,12.550479817499285,0.0
2026-09-18 17:03:15.212371,45.94766584182358,2.728376609576892,12.47643727360147,0.0
2026-09-19 00:21:15.212371,43.9799672022905,2.5923401529324543,11.669008911101695,0.0
2026-09-18 20:54:15.212371,46.9008476763721,2.775026049512276,11.679259202388524,0.0
2026-09-18 19:32:15.212371,47.55532979157685,2.806386952531285,11.21456192396575,0.0
2026-09-18 21:19:15.212371,47.55535364379702,2.9474621884722207,11.530048449445568,0.0
2026-09-19 02:18:15.212371,43.9101618263821,2.1415888396985974,12.115035379595701,0.0
2026-09-18 19:40:15.212371,47.61095761430866,2.575209452571788,11.09947113292363,0.0
2026-09-18 14:56:15.212371,43.79658677554121,1.8277747444828614,12.242366408647237,0.0
2026-09-19 04:16:15.212371,87.823029629468,8.444863317711143,14.592256826346562,1.0
2026-09-18 22:51:15.212371,44.02574923247061,2.0507660091044815,12.821336476627982,0.0
2026-09-18 20:03:15.212371,44.35722831669401,1.8861960924315038,12.233846585882716,0.0
2026-09-19 03:39:15.212371,42.44650284835938,2.9519674205430975,11.67498803279655,0.0
2026-09-19 05:34:15.212371,78.24462816895989,7.472878646429401,17.099974284008372,1.0
2026-09-19 01:44:15.212371,46.871356786294925,2.05625391109895,12.333156250454605,0.0
2026-09-18 14:57:15.212371,48.70455636901787,2.040674026757901,11.576821672504563,0.0
2026-09-19 01:13:15.212371,44.89141026696438,2.7931820093775466,11.334843187130506,0.0
2026-09-19 06:59:15.212371,85.29011367404198,6.609952536729034,17.575582060197696,1.0
2026-09-19 00:09:15.212371,49.54138571560879,2.1971425384983307,12.686424237338265,0.0
2026-09-18 20:16:15.212371,45.62181513119601,2.0043038252718466,11.113483765896559,0.0
2026-09-18 19:17:15.212371,44.01399813068233,2.481388881745079,12.003211134905468,0.0
2026-09-19 02:16:15.212371,45.42203493440524,1.9291554429332476,11.839666187221404,0.0
2026-09-18 22:05:15.212371,42.6042442148223,2.472115461171147,12.096794955683773,0.0
2026-09-19 03:48:15.212371,82.26659957706367,7.046956416761556,18.699600049135814,1.0
2026-09-19 01:05:15.212371,42.40984245587277,2.8674388930249086,12.343159228478351,0.0
2026-09-18 17:23:15.212371,47.907068154314636,1.2880603366855217,11.981481601475794,0.0
2026-09-19 03:49:15.212371,83.64172444836973,6.215500011364458,15.991890806315979,1.0
2026-09-18 23:50:15.212371,47.40242784432789,3.098285750832246,12.790270343284186,0.0
2026-09-18 20:35:15.212371,43.453980432289065,2.9267077793901537,12.566885048433532,0.0
2026-09-18 22:22:15.212371,46.15311392611153,3.6596647699908473,12.307885574885571,0.0
2026-09-18 16:37:15.212371,45.137125949612056,3.440578534720295,11.8253416019409,0.0
2026-09-19 04:14:15.212371,90.62176679935251,7.335433968307276,19.902898554116174,1.0
2026-09-19 01:57:15.212371,47.318659606728495,3.779099642834126,12.489429025390898,0.0
2026-09-18 18:21:15.212371,46.26783804463602,3.2869933816450163,12.180751762603052,0.0
2026-09-18 14:26:15.212371,45.993428306022466,2.9691419029879986,11.90855177944758,0.0
2026-09-18 22:01:15.212371,43.41425433547531,1.8951794906543973,11.590371070139252,0.0
2026-09-18 19:33:15.212371,43.81685722232834,1.9732922184131718,11.436616265545098,0.0
2026-09-18 21:07:15.212371,43.801249954092455,2.2852972294373735,11.927740664642242,0.0
2026-09-19 00:42:15.212371,45.218789589209784,2.528506562448542,11.781640131979703,0.0
2026-09-19 00:58:15.212371,44.68398420284202,2.9302367441798727,11.014948091144083,0.0
2026-09-18 17:14:15.212371,44.50922376799426,2.4799210246778283,12.061602403392243,0.0
2026-09-18 17:55:15.212371,52.705462981309445,2.232382394219716,12.447519157038057,0.0
2026-09-18 22:42:15.212371,42.925507691347086,2.9595382414938842,12.335240308620607,0.0
2026-09-19 01:35:15.212371,47.18301370384492,2.72230133411007,11.959238663449177,0.0
2026-09-18 23:23:15.212371,44.23088891154035,2.348765156755936,12.774510075747594,0.0
2026-09-18 15:52:15.212371,46.830804235404145,2.791964092662982,11.767691351350804,0.0
2026-09-18 19:45:15.212371,44.73971389126463,3.025327198003806,11.763954711151436,0.0
2026-09-18 18:29:15.212371,46.73151038834024,2.4807457652496465,12.046422450570557,0.0
2026-09-19 03:13:15.212371,48.54160127127102,2.75796960885205,11.146321021203526,0.0
2026-09-19 01:53:15.212371,44.25035838490081,1.619595594009612,11.874230556977752,0.0
2026-09-19 06:30:15.212371,80.52326838818487,8.379747857056971,20.44616613419065,1.0
2026-09-19 03:23:15.212371,44.50496272889699,3.0823696772285856,11.33697615695898,0.0
2026-09-19 03:56:15.212371,89.09388821877431,8.977282987009259,17.766468168409506,1.0
2026-09-19 05:53:15.212371,88.03425296607836,10.012213873296322,18.42942636634105,1.0
2026-09-18 22:58:15.212371,44.52210390626718,3.195103774508657,12.02045958769786,0.0
2026-09-18 15:44:15.212371,45.183521553071,2.491788551963624,12.49915544907398,0.0
2026-09-18 23:27:15.212371,42.74058629068476,2.501523010076707,12.025443850928008,0.0
2026-09-19 04:12:15.212371,87.86028720857072,10.105054955187786,20.49378343106944,1.0
2026-09-18 18:23:15.212371,45.372908629538856,1.76781255989509,12.054279852888262,0.0
2026-09-18 20:43:15.212371,45.36668401147671,2.450830186602625,12.47376323106143,0.0
2026-09-18 18:58:15.212371,47.326327504309916,2.538410945530128,11.84598285790713,0.0
2026-09-19 00:06:15.212371,45.67699281498883,2.8389629356696346,11.904980482499253,0.0
2026-09-18 19:11:15.212371,41.095824400954996,2.715020823595535,12.140080579409803,0.0
2026-09-18 15:00:15.212371,46.64508982420638,2.4826575563066093,11.832612333946729,0.0
2026-09-19 03:42:15.212371,44.92088969228669,2.809577130502599,11.539070093437344,0.0
2026-09-19 03:34:15.212371,44.85966857708271,2.08620488967564,12.445099205562393,0.0
2026-09-18 23:25:15.212371,43.8462162609537,2.585208111187744,11.26623736712378,0.0
2026-09-18 20:18:15.212371,46.715319246404036,2.180519126155249,11.54713384956869,0.0
2026-09-18 23:20:15.212371,43.696327784395685,2.5743337286010557,11.822979644529488,0.0
2026-09-18 20:38:15.212371,47.902287215590086,2.552100551975938,12.327950388264881,0.0
2026-09-19 02:42:15.212371,45.512059468627754,2.7568000532848584,12.250332860690605,0.0
2026-09-19 04:32:15.212371,86.47112064506747,7.444237852114957,16.822266346522607,1.0
2026-09-18 18:20:15.212371,49.287888178650654,2.258406768850313,11.69378131267978,0.0
2026-09-18 14:53:15.212371,45.75139603669135,2.2385699864233657,12.640508180867556,0.0
2026-09-18 19:04:15.212371,45.13960416998004,3.250379895317155,11.158280903889525,0.0
2026-09-18 18:00:15.212371,44.36946151071931,3.367981901582625,11.865734676047083,0.0
2026-09-19 00:39:15.212371,42.74902190540325,3.582501172450542,11.77395483358346,0.0
2026-09-18 23:48:15.212371,46.74224940686339,2.5597901842070767,12.249110874248393,0.0
2026-09-19 06:48:15.212371,84.73439673491227,6.195198716916283,19.464984205559606,1.0
2026-09-19 06:42:15.212371,92.32088619376219,7.61573037125693,20.52741335530934,1.0
2026-09-18 14:32:15.212371,48.15842563101478,2.6110668858168564,12.061335157997398,0.0
2026-09-18 19:30:15.212371,44.958196812071705,3.054091408368758,11.946348927997885,0.0
2026-09-18 22:29:15.212371,45.406927271734446,2.978351158397292,10.851909523431381,0.0
2026-09-19 00:18:15.212371,45.957959651492786,3.5066936237633115,13.012154811643427,0.0
2026-09-18 20:59:15.212371,48.66291753170871,2.6598909670712683,12.354151923600531,0.0
2026-09-19 01:32:15.212371,44.49004556515829,3.334952252175703,11.110706207996742,0.0
2026-09-19 01:10:15.212371,44.508513871828114,2.6998439758763206,12.808606287484311,0.0
2026-09-18 16:23:15.212371,42.662643924760935,2.593304561578179,12.095249839889533,0.0
2026-09-18 22:37:15.212371,47.95988827778005,3.7464997587163955,12.150237179805414,0.0
2026-09-19 06:04:15.212371,78.77141311776808,10.331240631072161,14.721031674949131,1.0
2026-09-18 20:42:15.212371,46.74464127344136,1.6535215929023073,12.562056359993006,0.0
2026-09-19 06:29:15.212371,86.27691877837158,7.052633406252003,15.886884714479494,1.0
2026-09-19 00:48:15.212371,48.764048992950066,2.3175236352285573,12.372095985749969,0.0
2026-09-18 19:34:15.212371,46.094194762340074,2.1881155196520976,11.403037496800472,0.0
2026-09-18 22:18:15.212371,41.96961787560289,1.9538436176637104,12.044328795480718,0.0
2026-09-18 16:22:15.212371,44.93057646058951,2.8039482548582697,12.165990165284507,0.0
2026-09-18 15:16:15.212371,45.64816793878959,2.1884297367876178,12.289816586606788,0.0
2026-09-18 16:45:15.212371,42.53827136713209,2.217960684631636,12.855306686290962,0.0
2026-09-19 06:13:15.212371,82.17612997914529,6.273478874570739,12.017728058198553,1.0
2026-09-18 20:23:15.212371,44.42268272215972,3.6262179026721544,13.568874266829997,0.0
2026-09-19 00:41:15.212371,45.25844236395046,2.9639200640406185,12.132939114826025,0.0
2026-09-18 19:49:15.212371,49.18477455137092,1.9284975436347582,12.119623432055574,0.0
2026-09-19 05:39:15.212371,83.72522103223152,5.9010407377970875,19.515843699847238,1.0
2026-09-18 20:24:15.212371,45.64543712067618,2.990882743495797,12.528028404533027,0.0
2026-09-18 21:16:15.212371,46.42322975617778,1.8780683823043574,11.196220067815513,0.0
2026-09-19 02:24:15.212371,44.27277557557229,1.9879065878353974,11.720849123026985,0.0
2026-09-19 05:57:15.212371,80.3680943500923,10.527521418062765,17.088920947952257,1.0
2026-09-19 06:17:15.212371,75.60037807430477,10.359529587822284,19.554814705529022,1.0
2026-09-18 21:39:15.212371,46.435084511591924,3.789854668827159,12.252735079583314,0.0
2026-09-18 19:53:15.212371,46.583325387925875,2.122862074990321,11.856997889059945,0.0
2026-09-18 18:17:15.212371,45.43291717916395,1.6657079630612053,12.11660806563175,0.0
2026-09-18 23:01:15.212371,46.510782451651515,1.8440818838249202,11.743393216764208,0.0
2026-09-19 05:33:15.212371,91.22339790368393,8.035854564927433,15.739861321919285,1.0
2026-09-18 18:05:15.212371,45.163748278772644,2.712082973200958,11.506410236424408,0.0
2026-09-18 20:34:15.212371,45.19535219709766,2.797377170832643,11.90254585982366,0.0
2026-09-19 04:29:15.212371,88.44853902622597,7.021866667110409,15.66444089746413,1.0
2026-09-18 23:06:15.212371,41.66118943775726,2.5283249624485538,13.206307710806458,0.0
2026-09-19 05:48:15.212371,86.83740832737152,6.411638619415099,17.610605407766638,1.0
2026-09-18 21:47:15.212371,44.93461050381181,2.398209819948819,11.795358780943449,0.0
2026-09-18 16:03:15.212371,45.522110544359776,2.5733568432166614,11.661127514737574,0.0
2026-09-18 23:22:15.212371,43.27917326943209,2.19329866822953,12.050928147630993,0.0
2026-09-18 14:36:15.212371,44.073164614375074,2.4065641779193205,11.854094365542228,0.0
2026-09-18 15:07:15.212371,45.34273656237994,2.837409746083302,12.706110277707715,0.0
2026-09-18 16:59:15.212371,45.464507394322005,3.22188230203663,11.084683551571771,0.0
2026-09-18 18:52:15.212371,48.26482260786327,1.852659262139547,12.516273102170828,0.0
2026-09-18 17:52:15.212371,46.03007053441732,2.947596610013866,12.133563325505742,0.0
2026-09-18 18:53:15.212371,42.13971724407873,3.08041339368926,12.56335256841379,0.0
2026-09-18 23:52:15.212371,40.92375092964429,2.486347730245034,11.594571244394832,0.0
2026-09-18 21:30:15.212371,46.290751899170296,2.4073561705611457,10.490243922089586,0.0
2026-09-19 02:57:15.212371,42.29663078876733,2.398163124911517,12.308502974788349,0.0
2026-09-19 02:22:15.212371,45.22845529732408,3.2567248716210653,12.419470250234806,0.0
2026-09-18 16:42:15.212371,43.433493415327526,1.9893835914346434,11.473158790426822,0.0
2026-09-18 21:17:15.212371,42.75071581632426,2.1535474011020463,11.618637610716894,0.0
2026-09-18 15:42:15.212371,45.17409413647634,2.2411943504819143,12.608579260412748,0.0
2026-09-18 19:24:15.212371,46.62572423767792,2.9581638373512407,12.280459723970619,0.0
2026-09-19 05:54:15.212371,95.28271782414771,6.886273651192424,21.15623611512437,1.0
2026-09-19 05:52:15.212371,87.10047245225921,9.517194553112535,17.767541913756084,1.0
2026-09-18 16:20:15.212371,44.61527807043775,2.452352233806524,11.732335907023039,0.0
2026-09-18 18:25:15.212371,46.70486666959245,3.023549151306077,11.89594157136373,0.0
2026-09-18 20:11:15.212371,45.464099874715274,2.5077895237907337,11.815194831978182,0.0
2026-09-19 00:17:15.212371,44.044685106469764,2.161142315123947,12.231086333040972,0.0
2026-09-18 17:45:15.212371,42.714059404338755,2.7862913906780795,12.010655824335972,0.0
2026-09-18 17:56:15.212371,46.141781021386336,3.158697032817163,11.75846947415828,0.0
2026-09-18 23:04:15.212371,45.19866461085845,2.195243898920358,10.718833170602345,0.0
2026-09-18 20:07:15.212371,45.48737442298383,3.18785340665581,11.804175716289105,0.0
2026-09-18 20:30:15.212371,46.38028798342223,3.0112852160048202,12.277802233001724,0.0
2026-09-18 22:12:15.212371,46.22833340008685,2.4443869693256497,10.780591420861786,0.0
2026-09-18 15:17:15.212371,44.22983543916737,2.2222614404198726,12.162898158291084,0.0
2026-09-18 15:51:15.212371,43.99648591283093,3.423353662868017,12.593839694230782,0.0
2026-09-18 23:33:15.212371,44.59390922791401,2.967159955619637,11.585751487609876,0.0
2026-09-18 22:52:15.212371,43.81521215152226,2.514090578684564,11.549689632676065,0.0
2026-09-19 02:20:15.212371,44.9247305951503,2.4586596570786505,12.332962126027232,0.0
2026-09-19 00:30:15.212371,45.826869806447405,2.9980238429029082,11.521781811590996,0.0
2026-09-19 04:20:15.212371,86.1265396102047,10.549936061864571,17.513232041249964,1.0
2026-09-18 16:07:15.212371,44.15870935446928,2.3033305938363196,12.244593565073831,0.0
2026-09-18 19:00:15.212371,43.0369826979041,2.99813340972357,12.655154373059805,0.0
2026-09-18 18:28:15.212371,46.009974557960916,3.039340416715648,11.72563754612952,0.0
2026-09-18 18:45:15.212371,46.549268106858676,2.314692833956947,12.13016091938561,0.0
2026-09-18 17:12:15.212371,46.64412031998898,2.161803848970365,13.085471358748906,0.0
2026-09-19 05:46:15.212371,85.87605709454256,10.93123615062543,16.56233522478254,1.0
2026-09-18 19:01:15.212371,45.92420694852654,2.253121708419344,12.697841905394977,0.0
2026-09-18 23:54:15.212371,41.25841615794829,2.278358874404245,11.882990070446509,0.0
2026-09-18 22:33:15.212371,42.83690399277121,2.753995663456272,11.926109840591264,0.0
2026-09-18 17:49:15.212371,47.10760410406981,2.176531611147213,11.243142803693587,0.0
2026-09-19 04:26:15.212371,93.7479195210271,10.713959524599666,18.59124897749419,1.0
2026-09-19 04:27:15.212371,91.90727039345244,7.67293115691144,14.966714901158419,1.0
2026-09-19 02:29:15.212371,46.48652818804543,2.02028038163826,12.837246216673769,0.0
2026-09-18 17:33:15.212371,44.85434217468625,2.938681145287836,11.623921797204709,0.0
2026-09-18 16:36:15.212371,41.89867313786773,2.222400236653401,11.888267008814074,0.0
2026-09-18 17:06:15.212371,43.050636659545354,2.821361379933772,12.819982264685697,0.0
2026-09-19 06:51:15.212371,81.87161356251895,7.472118023275236,16.079907409441073,1.0
2026-09-18 16:17:15.212371,44.94697224910156,2.6095751638319693,11.9398094180232,0.0
2026-09-18 14:54:15.212371,43.79872262016239,2.2899065914520715,12.033927755263703,0.0
2026-09-19 06:28:15.212371,80.37287686970207,9.343033146143899,16.94204458387197,1.0
2026-09-18 22:45:15.212371,42.23440053807133,2.6608489030980067,12.408944829012514,0.0
2026-09-19 06:07:15.212371,78.70747544662333,8.69493279517716,17.067009241543605,1.0
2026-09-18 22:24:15.212371,51.15776161691048,2.596024558245016,11.9302768621595,0.0
2026-09-18 23:45:15.212371,44.158031038359475,2.5916799598895777,12.278845530362561,0.0
2026-09-18 23:13:15.212371,45.09616989332277,2.4279562221391924,12.557160847334437,0.0
2026-09-18 22:34:15.212371,48.37428327014513,1.9483166969130632,11.773375795488493,0.0
2026-09-19 06:43:15.212371,89.98429386732904,7.637753831193832,16.30736804506853,1.0
2026-09-18 21:42:15.212371,48.257231091142586,3.3388504070382203,12.196207983589384,0.0
2026-09-18 15:23:15.212371,44.38157524829757,2.735707778193202,12.65879876780398,0.0
2026-09-18 20:48:15.212371,40.752208551380384,2.9591583030011566,11.686641387705018,0.0
2026-09-19 03:44:15.212371,45.05663675226092,2.510396853837704,12.103633664699473,0.0
2026-09-18 21:56:15.212371,44.874641805453656,2.6654401161072285,12.412549132333817,0.0
2026-09-18 15:11:15.212371,43.560311583210584,2.7462256320040748,12.214153548603825,0.0
2026-09-18 14:45:15.212371,42.17539259732942,3.0327401875326756,12.574222854598377,0.0
2026-09-19 05:44:15.212371,83.85100184712402,7.11146606652192,18.19613507907789,1.0
2026-09-19 00:53:15.212371,44.7484261598007,1.9483958171391584,11.699788217130648,0.0
2026-09-18 18:03:15.212371,44.52636278651998,2.2580570829728392,11.64042334037879,0.0
2026-09-18 22:27:15.212371,43.08891911879915,2.4237650818097283,12.300603374464558,0.0
2026-09-18 21:18:15.212371,41.93177165852875,2.140796367215401,11.61542882510635,0.0
2026-09-19 06:03:15.212371,89.59227221971207,8.513506751734432,17.540902689279307,1.0
2026-09-18 20:09:15.212371,43.98611364925774,2.5627882267357713,11.828403862251294,0.0
2026-09-19 04:03:15.212371,86.70294608200248,8.122993334620341,18.73746629463504,1.0
2026-09-19 00:51:15.212371,43.97756864713763,1.5168217053119992,12.660652016136506,0.0
2026-09-18 15:40:15.212371,39.76050979182051,2.4834365135631016,12.80768784473472,0.0
2026-09-18 23:26:15.212371,46.671384224130286,2.5802869905249324,12.082380420618259,0.0
2026-09-18 20:08:15.212371,45.489933142217446,2.4249722064837367,12.134563470622554,0.0
2026-09-18 21:33:15.212371,46.37210291999688,2.4264989991857555,12.619473176469718,0.0
2026-09-18 23:53:15.212371,42.983827378165195,2.033366020463402,11.371211070542692,0.0
2026-09-19 00:47:15.212371,45.942936714271994,3.036253668654901,11.67622909718242,0.0
2026-09-19 06:53:15.212371,83.98509681302171,6.055825003625158,18.186744748553302,1.0
2026-09-19 04:59:15.212371,78.09477698423113,7.1917372157108925,16.8307645386856,1.0
2026-09-18 15:54:15.212371,43.94047959246592,2.7953274153461547,12.141643935773072,0.0
2026-09-18 18:04:15.212371,44.029272904341795,2.33982634590284,11.894434880586152,0.0
2026-09-18 19:50:15.212371,42.987965237000594,3.3167157661505478,13.037041334874987,0.0
2026-09-19 04:55:15.212371,83.9534309021032,8.938446400469001,20.457961004978124,1.0
2026-09-18 21:55:15.212371,42.881572956222094,1.7220521768981865,12.07759534192949,0.0
2026-09-19 06:08:15.212371,83.91491474787814,8.0652720029652,19.280959590401647,1.0
2026-09-18 16:00:15.212371,44.21578369373569,3.1910794955187636,12.063189789773206,0.0
2026-09-18 21:14:15.212371,45.240591263423795,1.7986973641001534,12.329622834216202,0.0
2026-09-18 19:51:15.212371,42.57162277442453,1.926827303490656,11.54030770420679,0.0
2026-09-19 05:24:15.212371,88.95185948025856,8.933104985459073,17.42510496119929,1.0
2026-09-19 05:56:15.212371,87.36816038405728,9.846311769732102,19.738309184993792,1.0
2026-09-18 16:38:15.212371,42.87539257254779,1.7759930497918779,11.990290197056133,0.0
2026-09-19 03:46:15.212371,81.39131223331373,5.185170940937189,18.367669032645008,1.0
2026-09-19 04:01:15.212371,86.35747655412824,9.002510733077122,19.628303524236532,1.0
2026-09-19 05:41:15.212371,86.63939762079679,4.849960238522564,21.697217666592824,1.0
2026-09-18 21:02:15.212371,41.57373094181825,2.490181100536659,11.98673937037547,0.0
2026-09-19 04:24:15.212371,82.81617881380892,6.451214144708691,22.43756046689627,1.0
2026-09-19 01:00:15.212371,42.97579124947966,2.4164391431067944,11.39441403535961,0.0
2026-09-19 01:41:15.212371,43.44436662481825,2.8241402169219296,11.457087435557407,0.0
2026-09-19 05:19:15.212371,92.21816001734408,7.798254823397401,18.430793010912577,1.0
2026-09-19 07:05:15.212371,82.54048776246897,8.451661008787614,17.6894819023505,1.0
2026-09-18 16:15:15.212371,44.85110816846767,3.58162736165273,11.512735347664679,0.0
2026-09-19 03:27:15.212371,42.329311282579795,3.0743186747143576,11.521424542552479,0.0
2026-09-18 22:21:15.212371,44.50192792088724,2.5708584568199524,11.841963571986476,0.0
2026-09-19 04:47:15.212371,88.71341209179862,6.657395236585093,18.967753302376078,1.0
2026-09-19 04:52:15.212371,81.18356947910709,9.272261319000002,16.32282840310554,1.0
2026-09-19 00:50:15.212371,48.186373253278795,1.977595402989483,11.675313480839288,0.0
2026-09-18 15:08:15.212371,44.76870343522352,1.9386389892188507,11.960179304377142,0.0
2026-09-18 23:29:15.212371,47.8831372413158,3.0953231373931707,12.12197659895425,0.0
2026-09-18 20:37:15.212371,45.995996582490896,2.640595711984688,10.52980568266786,0.0
2026-09-18 16:14:15.212371,45.515100781445526,2.8227420905705376,11.933683126808713,0.0
2026-09-19 03:15:15.212371,48.62489711599386,2.2354736613268527,12.61790581000347,0.0
2026-09-18 19:35:15.212371,44.59561469513221,3.457015676933393,12.071471547381853,0.0
2026-09-19 03:54:15.212371,89.05698277245796,9.345599295330699,19.830780551120323,1.0
2026-09-19 05:18:15.212371,82.53438588800114,7.9410390685585535,19.536414433263474,1.0
2026-09-18 16:47:15.212371,47.614285508564855,2.9362286641400726,11.915589138404995,0.0
2026-09-19 05:26:15.212371,87.85306498609765,8.580212781033804,17.908975509397514,1.0
2026-09-18 21:01:15.212371,44.06164869579059,2.7202373689801993,12.535075119158213,0.0
2026-09-19 05:38:15.212371,87.74441917658682,8.749796185610556,16.538087448569055,1.0
2026-09-18 16:09:15.212371,43.39544546155676,3.1392259313036495,12.554849920978112,0.0
2026-09-19 03:51:15.212371,91.70230525895174,7.723211963516226,14.447507333067097,1.0
2026-09-19 02:06:15.212371,43.954553958961924,2.889180538083319,12.52597380886146,0.0
2026-09-18 16:28:15.212371,47.8055886218722,2.566484837073438,12.36940524044375,0.0
2026-09-18 22:25:15.212371,47.23914982286915,2.345441767898749,11.774905367574295,0.0
2026-09-19 00:25:15.212371,45.754600986089706,2.171552860514302,12.243936142435537,0.0
2026-09-18 19:19:15.212371,46.699204194042046,2.5259729429036497,11.945195098037084,0.0
2026-09-19 03:00:15.212371,43.10120222233611,2.3867605540492365,12.6059719926932,0.0
2026-09-19 06:27:15.212371,85.4284358070168,6.793526360510011,16.7828205535206,1.0
2026-09-19 01:46:15.212371,46.44334412808647,2.8611906789138857,11.137096635604701,0.0
2026-09-19 00:20:15.212371,47.0750798885158,2.3173392243439457,12.094853083805198,0.0
2026-09-18 21:45:15.212371,44.888904602206765,3.314198311564269,11.115462047555441,0.0
2026-09-18 20:21:15.212371,42.99494127072438,3.0049085446713173,12.687219046585408,0.0
2026-09-18 17:51:15.212371,43.124349920169756,2.696742692710875,11.207932028497256,0.0
2026-09-19 06:32:15.212371,80.02092302604885,7.949581152944431,18.705009936713758,1.0
2026-09-18 21:25:15.212371,45.135036962820216,3.572574563886694,11.380370802573264,0.0
2026-09-18 15:01:15.212371,42.558312700057954,2.6171073662682605,11.798175768379002,0.0
2026-09-19 03:47:15.212371,85.884104360697,8.929567168949205,23.386067327960994,1.0
2026-09-19 04:31:15.212371,86.3174360766553,6.822857137808445,15.805394944734312,1.0
2026-09-18 19:57:15.212371,43.205491257028335,2.7109603771176425,12.248349611618261,0.0
2026-09-19 03:09:15.212371,44.8078802005507,2.9420226981805246,12.556344187494963,0.0
2026-09-19 05:06:15.212371,81.97069589620553,9.018714163157293,13.523537533350055,1.0
2026-09-18 19:05:15.212371,44.22937280627648,2.9251108710567464,11.597064966751905,0.0
2026-09-19 03:26:15.212371,45.35540200186651,2.6002845986154712,11.518120536894694,0.0
2026-09-18 20:05:15.212371,43.87255089439205,2.8505863711554493,12.048991576735448,0.0
2026-09-18 17:01:15.212371,43.571297163947264,3.058647915794064,12.686829272581479,0.0
2026-09-18 23:09:15.212371,46.14119733718632,2.743250821913101,11.868554585395866,0.0
2026-09-18 23:12:15.212371,41.74491512423367,2.030332303090623,11.409593592345578,0.0
2026-09-19 01:49:15.212371,45.97874912245584,2.300181907192699,11.50941723443016,0.0
2026-09-19 00:56:15.212371,41.61507074057036,2.6537033489045503,11.657685087119997,0.0
2026-09-18 15:43:15.212371,44.401985299068265,2.611893975819449,12.760658025961225,0.0
2026-09-19 04:23:15.212371,89.13023585720754,9.411965871151224,21.251917830724125,1.0
2026-09-18 21:13:15.212371,44.71524102995741,2.168549541224526,11.591455684465904,0.0
2026-09-18 21:40:15.212371,48.004714104192054,2.0981627160151346,12.53010495374944,0.0
2026-09-19 03:12:15.212371,44.93002301900608,2.533495358612436,11.732099268473851,0.0
2026-09-19 05:59:15.212371,80.40656744256952,6.680278469746918,19.910601116475505,1.0
2026-09-18 15:04:15.212371,42.34362790220314,2.992161199238292,13.031262459621573,0.0
2026-09-18 22:50:15.212371,43.69871486175634,2.7682549217852017,11.405294053566337,0.0
2026-09-18 23:07:15.212371,46.08672038475987,2.7648463771783653,12.392302143949012,0.0
2026-09-19 04:41:15.212371,92.43623077667964,9.281787840599923,16.973607270973208,1.0
2026-09-18 15:38:15.212371,44.928347921780095,1.8103403859927365,11.80412092547809,0.0
2026-09-19 04:06:15.212371,90.23658853310724,9.056759809737084,17.442233211698486,1.0
2026-09-19 00:26:15.212371,46.5139772332907,1.97654450865903,12.902174054893372,0.0
2026-09-18 19:47:15.212371,46.19031405087383,3.0935151527801903,12.373955128058768,0.0
2026-09-19 02:28:15.212371,42.30362915578857,2.386757950575084,12.228886433075942,0.0
2026-09-18 17:05:15.212371,46.31310721726766,2.7238542800086574,12.657457226792024,0.0
2026-09-18 17:07:15.212371,46.57416920748491,3.1645762650662155,12.371063745535945,0.0
2026-09-18 20:01:15.212371,44.70588523699572,2.982043584144179,11.248514835802423,0.0
2026-09-18 23:38:15.212371,47.335564123319614,2.770731364102394,12.01044324414798,0.0
2026-09-19 02:27:15.212371,41.57966321468675,2.791048851734308,12.389468251756057,0.0
2026-09-19 05:14:15.212371,85.12694210271205,9.135183019980474,17.229956376574272,1.0
2026-09-18 22:13:15.212371,46.51501542009461,2.048046179267605,11.932860418906849,0.0
2026-09-18 17:30:15.212371,44.5530744293483,2.4981987304547157,12.041219876467252,0.0
2026-09-19 01:36:15.212371,47.492170384995255,3.0983157433228254,12.173838241769168,0.0
2026-09-19 03:18:15.212371,46.26481547811104,2.6467789660833145,12.080009112926394,0.0
2026-09-18 18:31:15.212371,44.3309975283181,2.941829968743336,11.486162429537021,0.0
2026-09-18 21:26:15.212371,49.121495849763974,1.9062007904852436,12.029966315133164,0.0
2026-09-18 19:28:15.212371,46.49458721024652,3.544187352390364,12.586562318793321,0.0
2026-09-18 23:39:15.212371,45.50884168660242,2.8795775801513233,12.115350452859342,0.0
2026-09-18 20:39:15.212371,46.91854165217041,2.4687034360502387,12.097368097359388,0.0
2026-09-18 20:26:15.212371,46.03869302848234,1.2502971425632134,11.972552999691857,0.0
2026-09-19 02:33:15.212371,45.69516341072334,3.2716217641360945,11.8064501487628,0.0
2026-09-18 21:49:15.212371,44.82175992097442,1.9926216346535666,12.076177436016861,0.0
2026-09-19 02:02:15.212371,45.652266044484236,3.5307517883181987,12.209199110444342,0.0
2026-09-19 05:01:15.212371,88.60781252563072,5.056061462491131,16.180633166036333,1.0
2026-09-19 06:31:15.212371,82.9594958041989,9.230516018918685,17.482291199260338,1.0
2026-09-19 02:11:15.212371,46.21201990269128,2.2733859753363626,13.55495927800268,0.0
2026-09-18 17:27:15.212371,43.285684887167434,2.7127287808924825,11.958447213685652,0.0
2026-09-19 01:11:15.212371,44.454552860504656,2.1743215531040856,12.052177968761606,0.0
2026-09-19 06:23:15.212371,85.0168775329858,6.862576896668615,17.526889425562107,1.0
2026-09-19 02:21:15.212371,47.20660376403304,2.439126245808358,12.210793305307227,0.0
2026-09-19 02:00:15.212371,46.18620251593677,3.2710549762839376,11.584777796721717,0.0
2026-09-18 22:38:15.212371,45.154736615295235,2.496964544230053,12.3111035720217,0.0
2026-09-19 02:45:15.212371,47.02874013003626,1.0638688933591753,11.669839430263277,0.0
2026-09-19 04:22:15.212371,84.34263702164166,8.285953386897537,21.808273179146013,1.0
2026-09-18 19:21:15.212371,43.61418080947869,2.459641709945709,11.814994485058936,0.0
2026-09-19 03:55:15.212371,79.2586835562369,9.912312561918084,16.90091945080893,1.0
2026-09-18 23:16:15.212371,46.27718491755475,3.2653754161718487,12.219237869404864,0.0
2026-09-18 16:13:15.212371,45.34915562566368,2.8731267830136105,12.949940967447608,0.0
2026-09-18 20:51:15.212371,45.300787572952416,2.970385593994108,12.256542710048647,0.0
2026-09-19 01:01:15.212371,41.69028665626846,2.64128997524415,12.365382059533262,0.0
2026-09-18 23:44:15.212371,45.78890428475659,1.7605442156129356,12.640821897501885,0.0
2026-09-18 19:46:15.212371,45.19399192998544,3.052762966478992,11.010350094812106,0.0
2026-09-18 20:13:15.212371,42.18507245124689,1.7799745587028528,11.98536859315751,0.0
2026-09-19 03:33:15.212371,45.91836015845687,2.316486080458339,11.537883427865848,0.0
2026-09-19 01:02:15.212371,46.64634116792383,2.3756544369082264,12.007136533918217,0.0
2026-09-18 19:31:15.212371,45.23465476661757,1.9800470364372345,12.223858462905138,0.0
2026-09-18 21:15:15.212371,46.028877668117495,3.3747883715934694,12.468785068813279,0.0
2026-09-19 07:03:15.212371,86.05641846139736,5.3212002620988335,15.516478849036751,1.0
2026-09-19 04:13:15.212371,84.68904491500345,9.046854908808541,17.875991981267937,1.0
2026-09-18 20:06:15.212371,43.355559208867135,2.351218248320004,12.15402526975205,0.0
2026-09-18 16:34:15.212371,45.19930273017528,3.28276201461717,12.18364365670067,0.0
2026-09-18 15:53:15.212371,45.65750221931937,2.32035395460647,12.10057982793642,0.0
2026-09-18 16:12:15.212371,48.77237180242106,1.8200719295100405,12.336286850601365,0.0
2026-09-19 06:01:15.212371,83.52455042881047,7.203543653282053,20.945341351501963,1.0
2026-09-19 04:25:15.212371,76.9671144963066,8.596890574920213,17.681909579199896,1.0
2026-09-18 19:27:15.212371,43.87963791960606,1.0518723109031554,11.833090255121995,0.0
2026-09-18 14:41:15.212371,43.875424941518055,1.757219813481514,13.596553783922431,0.0
2026-09-18 16:49:15.212371,45.36926771706461,2.4504120681103085,12.580939151304095,0.0
2026-09-19 04:45:15.212371,87.36001135459637,8.829876829977175,18.388215261906716,1.0
2026-09-19 04:50:15.212371,89.34578032194636,8.694809438148685,18.817214615403536,1.0
2026-09-18 16:35:15.212371,43.993048691767605,2.467124869463506,12.919091838397561,0.0
2026-09-18 16:43:15.212371,44.35587696758865,2.8541782236496767,11.466098539210403,0.0
2026-09-19 02:41:15.212371,45.94519496482609,1.7026484663666022,12.287602508053283,0.0
2026-09-19 01:26:15.212371,43.852675986239525,2.430772008008113,12.218369275866754,0.0
2026-09-18 17:26:15.212371,46.25133469553001,2.892900079325416,11.296841268164084,0.0
2026-09-19 01:15:15.212371,46.392412729626834,2.510635788368031,12.46082505596223,0.0
2026-09-18 20:04:15.212371,45.82586290855125,2.798700034924929,12.542893162469674,0.0
2026-09-19 06:02:15.212371,89.87908359672355,7.497293328242822,16.79203874806154,1.0
2026-09-18 17:34:15.212371,43.30641256386319,2.389517913085168,12.15958725520959,0.0
2026-09-19 01:29:15.212371,43.91315045773247,2.07473977289535,11.464473160175476,0.0
2026-09-19 06:14:15.212371,90.106916477147,8.57948497671734,17.62620768367603,1.0
2026-09-19 05:35:15.212371,78.38771021628214,10.345120038248162,20.514298433725145,1.0
2026-09-19 06:50:15.212371,90.48234616905442,7.269195618207609,14.690225127543407,1.0
2026-09-18 22:23:15.212371,45.62250030908707,2.6966589196971857,12.601942218584409,0.0
2026-09-19 03:11:15.212371,43.59364714974822,2.3593362214408935,12.766863854958249,0.0
2026-09-18 16:52:15.212371,42.52609857824383,1.7372374145376306,12.487598814891214,0.0
2026-09-19 00:05:15.212371,47.28750808641386,3.413004856773468,12.003399922279998,0.0
2026-09-18 16:40:15.212371,43.1611515315324,2.720007225026666,12.399970950971024,0.0
2026-09-19 00:32:15.212371,43.45242160179286,1.7890946666290781,12.742058014267982,0.0
2026-09-19 01:55:15.212371,45.88852662297208,3.131292051713591,12.711184930849253,0.0
2026-09-19 01:14:15.212371,44.53813093958264,3.119141535716818,11.905439804611483,0.0
2026-09-19 00:14:15.212371,46.66067163308849,2.5160020745328833,11.785377789850669,0.0
2026-09-18 19:25:15.212371,46.259257683847224,2.6732442379489965,11.85225984098542,0.0
2026-09-19 06:57:15.212371,82.71349172456605,7.163865420337518,19.204236640784966,1.0
2026-09-19 00:12:15.212371,44.08127820091951,3.150870644699399,11.288021423774927,0.0
2026-09-19 01:03:15.212371,45.14663593437681,3.3036727880099965,11.523030290301678,0.0
2026-09-18 23:02:15.212371,46.00183437524876,1.9674431684623137,11.88570004232999,0.0
2026-09-19 05:13:15.212371,84.77294391033881,5.696641815189341,20.776675556416897,1.0
2026-09-19 03:52:15.212371,78.50209381536202,7.09288300319268,17.838800501406478,1.0
2026-09-19 04:10:15.212371,77.34446248722139,8.614644193939245,17.89519109884506,1.0
2026-09-18 14:34:15.212371,44.0610512281301,3.1278780627867606,12.161539636558015,0.0
2026-09-18 16:53:15.212371,42.35908677383145,2.1540459650593777,12.250547084969922,0.0
2026-09-18 21:46:15.212371,45.76813089787861,2.3104361295062565,11.65264343445547,0.0
2026-09-19 06:34:15.212371,89.29225558328332,7.225355534168642,14.358793398902966,1.0
2026-09-19 02:35:15.212371,43.44339054919538,1.9401912833554944,12.424551055371571,0.0
2026-09-19 03:02:15.212371,45.98663580176178,2.9567923131166247,11.815361430376898,0.0
2026-09-19 00:07:15.212371,44.1694241721984,2.2560442959271487,11.821277288594786,0.0
2026-09-18 23:35:15.212371,43.79202962656836,2.3876172990536584,11.178405594422916,0.0
2026-09-18 20:32:15.212371,45.44818496362083,3.192136409255259,11.901330789846337,0.0
2026-09-19 05:10:15.212371,82.2522143204571,8.502587043626177,12.50499031454953,1.0
2026-09-18 18:06:15.212371,49.629317133347016,2.76141774401775,11.934371516453847,0.0
2026-09-18 21:32:15.212371,43.070153078839795,2.521905735989555,12.900255590755426,0.0
2026-09-19 06:22:15.212371,71.82126130491561,8.29253747604219,19.86438312852077,1.0
2026-09-18 14:59:15.212371,42.8845781420882,2.1161012174479357,12.514980408790581,0.0
2026-09-18 22:16:15.212371,44.449896605696715,3.0456550602971344,12.482698742295586,0.0
2026-09-18 15:10:15.212371,42.04295601926515,2.583226104106528,11.46880323592656,0.0
2026-09-19 03:20:15.212371,46.24361992443439,2.733214991216763,12.55869940795123,0.0
2026-09-19 04:08:15.212371,83.85304627965986,8.125739941894041,17.90220563305179,1.0
2026-09-18 18:09:15.212371,41.7745682576207,3.571135179305932,11.67499870958827,0.0
2026-09-19 05:09:15.212371,81.16671706108326,9.097806056432443,18.915373172107103,1.0
2026-09-19 06:15:15.212371,95.44221386434963,7.6932931685208175,14.73905351256972,1.0
2026-09-19 01:25:15.212371,44.71127917615212,2.8365906756349792,12.099474073398246,0.0
2026-09-18 19:10:15.212371,49.266066749312536,2.6909677261157765,11.986797121520537,0.0
2026-09-18 19:36:15.212371,44.56463759354556,2.4046587996183266,12.866257499742545,0.0
2026-09-18 14:52:15.212371,42.6980128451554,3.2897860728653563,11.776339052170625,0.0
2026-09-18 17:10:15.212371,46.92675225848864,2.4551321528563865,11.876968755935026,0.0
2026-09-18 15:29:15.212371,42.60758675183866,3.3979388365477607,11.696089006452784,0.0
2026-09-18 14:46:15.212371,47.93129753784311,2.241355774949814,12.056635205268883,0.0
2026-09-19 04:09:15.212371,84.78261525093069,10.115688717805256,15.18962030639285,1.0
2026-09-18 22:06:15.212371,48.92945026583278,2.779163456260861,12.425448981083987,0.0
2026-09-18 21:41:15.212371,45.14818956083955,3.3195584027220337,13.37983001945554,0.0
2026-09-19 02:36:15.212371,45.39169051019536,2.5704431234556018,11.85301652616791,0.0
2026-09-18 18:13:15.212371,42.844510444141385,2.5600156633591307,12.705466189873135,0.0
2026-09-18 17:40:15.212371,45.34636185170236,1.9991899950525422,12.106598314118845,0.0
2026-09-18 19:18:15.212371,43.82127048611158,2.86381477181849,11.781807054736715,0.0
2026-09-19 05:17:15.212371,81.55136112967914,7.633879289488698,13.7388670403856,1.0
2026-09-18 16:29:15.212371,42.196297874415436,2.1499395925304134,12.307683742006526,0.0
2026-09-18 17:25:15.212371,50.44033833317924,2.8802073280721485,11.653789510063072,0.0
2026-09-18 15:36:15.212371,45.722791211016826,2.411526386252975,11.880533950415153,0.0
2026-09-18 21:05:15.212371,47.47563262394692,3.182070214986922,11.627548677596776,0.0
2026-09-19 04:19:15.212371,84.12822871048581,8.466963010164328,17.45201383634139,1.0
2026-09-19 06:44:15.212371,86.40318202245068,7.907353700209806,19.086958757340184,1.0
2026-09-19 04:38:15.212371,84.66410854975322,8.766188132791392,15.79027441387496,1.0
2026-09-19 03:25:15.212371,46.241344195101355,2.0948737814928093,12.130140253291444,0.0
2026-09-19 00:55:15.212371,47.1883830369419,2.3615933500555397,12.503756844918462,0.0
2026-09-18 15:55:15.212371,46.02653486622671,3.054351790291454,11.870547513147962,0.0
2026-09-18 23:05:15.212371,46.50277424674358,2.406514348507277,11.904486118699916,0.0
2026-09-19 03:58:15.212371,79.38727596877793,7.697762699078723,21.47770270370666,1.0
2026-09-18 22:10:15.212371,44.77534390061834,2.584680412018039,12.132681174699814,0.0
2026-09-18 18:38:15.212371,49.244312394025265,2.7470150931413695,11.40318158412176,0.0
2026-09-18 15:28:15.212371,42.787330051987944,3.2737526006650306,10.939072550495702,0.0
2026-09-18 14:42:15.212371,42.97433775933115,2.633525132934629,12.149376454182843,0.0
2026-09-18 23:40:15.212371,45.675205324150404,2.2117447996366404,11.36991761741371,0.0
2026-09-19 05:08:15.212371,94.9625767658406,7.505828320479363,16.78626964428565,1.0
2026-09-18 14:37:15.212371,44.06854049285948,2.2801344708629125,11.218404595651672,0.0
2026-09-19 05:30:15.212371,79.57424736721102,8.373962893462593,14.965652606656642,1.0
2026-09-19 02:08:15.212371,43.59131261891448,2.0909005582888462,11.808014364023824,0.0
2026-09-18 18:48:15.212371,38.517465319861856,3.0743828501860517,12.396744360276106,0.0
2026-09-19 06:10:15.212371,97.13358243172762,4.205659883458545,18.64811405644312,1.0
2026-09-19 00:16:15.212371,45.14313247443879,2.729986071469558,11.200937824058126,0.0
2026-09-18 19:08:15.212371,48.172033632290706,2.3391824743913086,11.382825564060038,0.0
2026-09-18 22:19:15.212371,47.73374853488905,2.341795775152599,12.098657853702798,0.0
2026-09-19 01:07:15.212371,48.33804305057878,3.0867369287426625,12.292206490236243,0.0
2026-09-18 19:58:15.212371,45.151609116387455,3.3068556345293234,11.767344771609974,0.0
2026-09-19 02:05:15.212371,44.63019572711402,2.7962634746005914,11.24845984912009,0.0
2026-09-19 03:36:15.212371,45.85923643826517,1.9639304940071964,11.076906068880954,0.0
2026-09-18 19:23:15.212371,45.614599041753216,1.5008996577339462,12.799323585252358,0.0
2026-09-18 19:29:15.212371,46.22074053086693,2.430205185922413,12.184821096099046,0.0
2026-09-19 06:11:15.212371,87.16479912680349,7.5550888113953025,15.704617220368664,1.0
2026-09-18 21:36:15.212371,42.63348297466845,2.221254107496083,12.403561298318655,0.0
2026-09-19 05:29:15.212371,81.93881632746125,9.535564319160471,18.65901747114602,1.0
2026-09-18 20:29:15.212371,45.80342344419788,1.677300626521554,12.32260779297503,0.0
2026-09-18 18:47:15.212371,44.8809492878764,1.0757286896849623,12.405404136579891,0.0
2026-09-19 01:21:15.212371,45.11843686802898,1.619618620422091,12.181815941312484,0.0
2026-09-19 05:00:15.212371,86.51909297802437,6.487167973885688,17.937882134258196,1.0
2026-09-18 22:28:15.212371,41.78710735948486,2.8540543383442953,11.27807259193323,0.0
2026-09-19 03:32:15.212371,46.66784430909781,2.588220777638613,11.884799642897116,0.0
2026-09-18 18:26:15.212371,43.4149585231346,3.3419638457289342,11.935731244280534,0.0
2026-09-18 19:56:15.212371,44.97550645430617,2.6606786077251368,11.38522520277379,0.0
2026-09-18 15:19:15.212371,46.22335257768174,3.0945082655537757,11.823416853594656,0.0
2026-09-18 16:26:15.212371,46.58206389408609,3.036815874929886,12.25655289908804,0.0
2026-09-18 18:43:15.212371,43.584661068762436,3.086364509629682,11.874976742700524,0.0
2026-09-19 00:01:15.212371,40.57772938198423,2.3953381614240667,13.044769360847386,0.0
2026-09-19 05:45:15.212371,80.74296782869843,8.185321543933373,20.591743563726027,1.0
2026-09-19 02:26:15.212371,45.61560353778412,3.1105168477626766,12.219750615310113,0.0
2026-09-18 22:48:15.212371,42.20286485236172,2.4125201216522956,11.565168459362653,0.0
2026-09-19 01:50:15.212371,42.55574438221611,2.612342362875943,11.767797868845307,0.0
2026-09-18 17:59:15.212371,46.3027825026116,2.155406090955216,12.448419657932766,0.0
2026-09-19 06:35:15.212371,83.82689715021293,7.705300124857854,18.540114716782846,1.0
2026-09-19 00:22:15.212371,44.46025012941326,1.8264368552351518,12.212943603096518,0.0
2026-09-18 23:08:15.212371,43.6747524821083,2.4647506109704542,11.990369810132803,0.0
2026-09-18 22:04:15.212371,43.892701389305635,2.1474940721207956,12.131280664500963,0.0
2026-09-18 16:04:15.212371,45.010226913284924,3.1032544832541786,12.256953924829457,0.0
2026-09-19 02:43:15.212371,46.96538196789103,2.233649580169044,12.02488684359048,0.0
2026-09-18 15:13:15.212371,47.11424445243783,3.7276500699554473,12.49286499783993,0.0
2026-09-18 16:21:15.212371,45.60309468466723,2.6395107628851697,11.95473335884792,0.0
2026-09-19 05:11:15.212371,89.297939434899,8.474233935774167,17.00053964769674,1.0
2026-09-18 19:59:15.212371,43.645676576975774,2.7267671507569897,11.947025822847932,0.0
2026-09-19 03:14:15.212371,43.74606588442447,1.7187270715567287,11.44173778002567,0.0
2026-09-19 01:04:15.212371,42.42007820051789,2.7454874758191257,11.79648184353661,0.0
2026-09-18 20:40:15.212371,49.30636491502311,2.123017705566662,11.990645621777052,0.0
2026-09-19 07:02:15.212371,81.96649852617351,8.8596917198618,18.5155050802855,1.0
2026-09-18 19:39:15.212371,46.62701927200128,2.7478409439863025,12.250422237472229,0.0
2026-09-19 04:15:15.212371,83.3296138451003,7.280760548901135,17.266985959263895,1.0
2026-09-19 06:38:15.212371,83.50161675996607,7.734838755326327,15.263369922334379,1.0
2026-09-19 02:23:15.212371,45.30060352292376,2.815405842277389,11.69137340672654,0.0
2026-09-19 00:11:15.212371,45.49644117260067,2.649646290203246,12.766716850648162,0.0
2026-09-18 14:50:15.212371,43.91123455094964,2.277248739299614,12.936648888108772,0.0
2026-09-19 06:55:15.212371,84.68237712692323,8.272139930170956,22.823353351156843,1.0
2026-09-18 20:33:15.212371,45.02518480156359,2.78195456002618,11.924363358173244,0.0
2026-09-18 18:33:15.212371,43.69334153485258,1.7118039215078753,11.566912575892749,0.0
2026-09-19 04:51:15.212371,89.4364541863337,5.949293290309631,17.384383057722232,1.0
2026-09-18 19:06:15.212371,45.2270346905025,2.3256739327960703,12.482425816548728,0.0
2026-09-18 14:55:15.212371,44.41661250041345,2.3591076955697465,12.42638683756111,0.0
2026-09-19 02:32:15.212371,45.036867866130784,3.4422931529673044,11.454149561930343,0.0
2026-09-18 18:41:15.212371,44.0315318542675,2.164188316030974,11.664689895461677,0.0
2026-09-18 15:12:15.212371,44.07872245808043,2.644584321953909,11.906427867497726,0.0
2026-09-18 15:34:15.212371,45.72327205009527,2.829272136336415,12.420310013252276,0.0
2026-09-18 17:20:15.212371,45.55338159866004,2.27690828339261,11.628764707150976,0.0
2026-09-19 04:33:15.212371,83.82796099841839,5.8916494712320375,16.3254751379006,1.0
2026-09-18 15:48:15.212371,47.95578808948303,2.255280278740889,11.548149069634936,0.0
2026-09-19 02:19:15.212371,45.79827222870414,1.56673169146347,12.248871544545697,0.0
2026-09-18 18:18:15.212371,45.09114367980763,2.6996115613026395,12.476568316956623,0.0
2026-09-18 18:36:15.212371,42.47823209132991,2.1872186492452355,11.676886345078099,0.0
2026-09-18 16:18:15.212371,45.12046041988205,2.6246918418553777,10.913665226992983,0.0
2026-09-18 23:15:15.212371,43.191366749791186,2.799964364998102,12.359092862853966,0.0
2026-09-18 18:10:15.212371,44.056136268421135,3.3637715850503556,12.084327335983364,0.0
2026-09-18 18:55:15.212371,45.26148115457218,2.6732519408653577,11.794592856022708,0.0
2026-09-19 00:24:15.212371,44.111413479847776,3.100206953972213,11.679256545477845,0.0
2026-09-18 15:41:15.212371,46.64380500875045,3.397278931758894,11.83883976539433,0.0
2026-09-18 19:41:15.212371,45.04200768326552,2.6824805012331128,11.728663100132989,0.0
2026-09-18 20:58:15.212371,42.359533585958715,2.199316178024393,12.594456685737322,0.0
2026-09-18 23:00:15.212371,43.84645733886333,2.50517630992169,12.370412172710063,0.0
2026-09-19 03:08:15.212371,50.12016907653759,1.2878798698635292,11.238820406891055,0.0
2026-09-19 03:24:15.212371,44.851133141799906,2.1327042116009753,11.793267419438362,0.0
2026-09-19 03:04:15.212371,43.283284439637576,3.2463442844797608,11.11188238355084,0.0
2026-09-18 16:55:15.212371,45.59396934646637,2.621669724661346,12.50052304628357,0.0
2026-09-18 17:38:15.212371,45.428187488260406,2.3764113087397014,11.91993360221668,0.0
2026-09-18 23:19:15.212371,42.577967600475084,3.245363068424976,12.295907066870688,0.0
2026-09-18 19:16:15.212371,44.58375549928545,2.464199370292968,12.27314212400185,0.0
2026-09-18 21:59:15.212371,46.00809303103569,2.687028284923786,11.848136985611667,0.0
2026-09-19 04:36:15.212371,80.41904042259378,6.638365729779619,16.903462410149846,1.0
2026-09-19 02:31:15.212371,44.63203332729464,3.044374309852093,12.334370827796256,0.0
2026-09-18 21:21:15.212371,43.50302692688689,3.123871036336867,11.903086930613599,0.0
2026-09-18 21:57:15.212371,46.91028464100248,2.916764480804462,11.56643489214455,0.0
2026-09-19 04:56:15.212371,90.36489023883006,6.954842272355638,16.72538450594241,1.0
2026-09-18 16:01:15.212371,42.07297010373576,2.8243549437948214,12.969464499529142,0.0
2026-09-18 21:06:15.212371,41.81114468241127,2.5626122513239538,11.66241086251281,0.0
2026-09-19 01:16:15.212371,48.69791218989069,2.654416506299482,11.936225439811233,0.0
2026-09-18 16:11:15.212371,45.80810171362908,2.5232182740780744,11.879371172690728,0.0
2026-09-18 21:52:15.212371,45.7331964921937,2.517041734129613,12.000103532459098,0.0
2026-09-18 20:41:15.212371,43.465304874223904,2.359662461566613,11.805740773455558,0.0
2026-09-19 00:49:15.212371,47.690840092309955,2.0803951663304967,11.90938791339095,0.0
2026-09-19 05:07:15.212371,93.59688953103648,7.546931750765204,13.758599694729867,1.0
2026-09-18 17:57:15.212371,47.271131280361196,2.5987998023462,12.073396505992775,0.0
2026-09-18 17:47:15.212371,46.12156905273647,2.9623168414563845,11.96966959309269,0.0
2026-09-19 02:46:15.212371,41.31825153733671,2.486242547474682,12.349414210101267,0.0
2026-09-19 07:01:15.212371,73.76555333007697,6.727357048713778,18.154961037037726,1.0
2026-09-19 00:33:15.212371,42.51069059337716,3.2506668259777434,12.17780667439283,0.0
2026-09-18 21:29:15.212371,46.94314190190871,2.7068995487257492,11.345589800440443,0.0
2026-09-19 04:44:15.212371,87.49842555151467,8.257759009690297,20.35945041672142,1.0
2026-09-19 05:43:15.212371,73.90349813626233,9.327847224483486,19.337309609515813,1.0
2026-09-19 00:43:15.212371,46.451533247797386,2.6342961394316284,11.966933692687089,0.0
2026-09-18 19:13:15.212371,46.17663441296915,2.6193945795132567,12.212030522232045,0.0
2026-09-19 05:58:15.212371,87.77756323171124,8.844321290261533,16.22151834354335,1.0
2026-09-18 15:58:15.212371,43.59589381224529,3.033337344794577,12.435648648728622,0.0
2026-09-18 14:29:15.212371,48.04605971281605,2.268862355647479,11.600403996674872,0.0
2026-09-19 00:45:15.212371,45.44776804855826,2.753917878144812,11.876487149627001,0.0
2026-09-18 22:39:15.212371,43.27743159734347,2.919245387225821,11.430583441109615,0.0
2026-09-19 00:59:15.212371,44.14623786010516,2.2084612807155306,12.446298669149655,0.0
2026-09-18 20:15:15.212371,44.573105696576306,2.0765193258408363,11.974303138205757,0.0
2026-09-18 21:58:15.212371,43.028547907328914,1.5031321787142722,11.670941755462371,0.0
2026-09-19 01:28:15.212371,44.934493459568,2.3954883713569872,12.617891095911077,0.0
2026-09-18 17:18:15.212371,44.84579658117179,2.920321774494362,11.688675319132773,0.0
2026-09-18 20:47:15.212371,43.80121470911195,3.1960011431722997,11.310190917605535,0.0
2026-09-19 04:54:15.212371,88.41664496405535,8.828449906519285,19.06963467269182,1.0
2026-09-19 00:35:15.212371,47.992088622978365,2.3745834917724764,11.999645702711677,0.0
2026-09-18 23:57:15.212371,48.352874624550566,3.3558542400711717,11.962024488178738,0.0
2026-09-18 21:28:15.212371,44.50207170304185,2.816888440466049,12.680329297919325,0.0
2026-09-19 02:38:15.212371,45.81650551142894,2.6615838570923906,11.241063126659595,0.0
2026-09-18 17:42:15.212371,43.232285127597734,3.3988432634247614,11.840473032166692,0.0
2026-09-19 01:23:15.212371,44.95174982577999,2.6905791924413887,11.789619103159474,0.0
2026-09-18 18:15:15.212371,46.35919549786935,1.9886037174007973,12.009424811472424,0.0
2026-09-18 22:03:15.212371,42.92951535516125,2.7095095046830227,12.437194590356365,0.0
2026-09-19 03:43:15.212371,46.36300139474525,3.528747734855849,11.498021313959251,0.0
2026-09-18 19:38:15.212371,46.65083269797606,2.9350338653443773,12.31902555072038,0.0
2026-09-18 16:30:15.212371,46.17371418760054,3.0975233144624212,11.532280648977702,0.0
2026-09-18 16:08:15.212371,44.31457096694646,2.514372411467409,12.317360734280886,0.0
2026-09-18 20:36:15.212371,45.049020348517885,2.8794642948933826,12.296778361140431,0.0
2026-09-18 22:49:15.212371,46.12593847338114,2.1221274202535776,12.562717392207384,0.0
2026-09-19 00:08:15.212371,46.26556373221257,3.5786541066327517,11.909804159118796,0.0
2026-09-19 03:21:15.212371,41.859550560219084,2.482179258851258,12.724249614946464,0.0
2026-09-18 23:42:15.212371,44.02478755185501,2.2268777758737586,11.81240180983803,0.0
2026-09-18 22:32:15.212371,43.706854231514946,1.5818973134483518,11.745929901176345,0.0
2026-09-18 17:46:15.212371,45.715574720696566,3.199677718293001,12.950595342876504,0.0
2026-09-18 17:04:15.212371,42.6173930055947,2.784883640116102,12.806139128994323,0.0
2026-09-18 17:16:15.212371,43.22097114074895,2.5640522074553944,12.021801223186227,0.0
2026-09-19 03:28:15.212371,45.76039570201193,1.9920890905108015,12.171893940774943,0.0
2026-09-19 03:37:15.212371,45.415375374326224,1.0393247582526963,11.535244569903796,0.0
2026-09-18 16:41:15.212371,48.099868810035076,2.2489728878236943,11.191844695781706,0.0
2026-09-19 03:03:15.212371,45.36967224738975,2.0984105246598275,12.071694233671126,0.0
2026-09-19 03:16:15.212371,46.41550387091095,2.8971323398109137,11.922050911031667,0.0
2026-09-18 19:12:15.212371,44.69642980992883,3.015141727015921,11.595198240039178,0.0
2026-09-18 17:39:15.212371,42.50852244257602,2.159007876001101,12.335670038225233,0.0
2026-09-18 18:22:15.212371,40.94971482668478,1.8871171684988295,11.42813689633967,0.0
2026-09-19 04:49:15.212371,78.81168788836351,6.577477993663699,19.362719020885898,1.0
2026-09-18 19:09:15.212371,42.524369002346305,3.5383739917804204,11.703767870423553,0.0
2026-09-19 04:43:15.212371,86.19702250267689,9.335371251254763,17.538950749639497,1.0
2026-09-19 06:16:15.212371,77.0700834388102,10.633213547473236,20.411989033093633,1.0
2026-09-19 05:42:15.212371,85.42946503146665,8.938262025246553,17.64887210900157,1.0
2026-09-18 17:35:15.212371,41.97030555062827,2.5134429194972654,12.670225223011572,0.0
2026-09-19 07:04:15.212371,91.00039478213431,7.460555491321307,18.668352834489795,1.0
2026-09-19 02:25:15.212371,44.88610875255787,3.427046283167094,11.449922883514153,0.0
2026-09-18 17:32:15.212371,45.94647524914709,3.2516991508835753,11.845395461475068,0.0
2026-09-19 03:53:15.212371,89.14866208939587,4.6916509143513965,16.333887885998482,1.0
2026-09-19 04:21:15.212371,83.15236535583321,9.607314728352328,17.40032360745024,1.0
2026-09-19 05:36:15.212371,87.40933030859246,6.7723570010869985,16.929329825967553,1.0
2026-09-18 22:08:15.212371,43.60054898401483,2.7693779962231844,12.195232424964445,0.0
2026-09-18 21:03:15.212371,47.707744748330825,2.7762449772085738,11.55906267438614,0.0
2026-09-18 16:33:15.212371,43.86740454079445,2.6886059375322606,12.404028899140572,0.0
2026-09-19 04:11:15.212371,87.57127378008917,6.708368134739644,21.408211032510984,1.0
2026-09-18 16:46:15.212371,45.45491986920826,1.8598478006645527,11.947775390731264,0.0
2026-09-18 17:09:15.212371,43.35863536329658,2.854501878794256,11.199017094051415,0.0
2026-09-19 03:45:15.212371,45.05951227899149,2.1359985293854327,12.034672168518124,0.0
2026-09-18 20:20:15.212371,44.961967584194625,3.3210075800681844,11.702169352978254,0.0
2026-09-18 15:30:15.212371,46.6250516447884,2.193605654757807,12.648497273280555,0.0
2026-09-18 15:15:15.212371,41.47391968927453,2.234501522499091,13.294781821009307,0.0
2026-09-18 20:28:15.212371,44.78247970308629,1.805213766618202,12.26056121418967,0.0
2026-09-18 19:52:15.212371,47.316221747000135,2.6513177326195168,10.734856238626834,0.0
2026-09-18 16:50:15.212371,45.519765588496846,3.423318498023833,11.536323432904712,0.0
2026-09-18 20:46:15.212371,43.32055631563845,2.589947075576739,11.514171632729356,0.0
2026-09-18 19:42:15.212371,46.36390594258993,3.7017077926191373,11.60610812404588,0.0
2026-09-19 04:57:15.212371,96.8193624730968,8.87303985062709,18.91677340710297,1.0
2026-09-18 15:09:15.212371,44.39779260882142,2.6912048730920253,12.226185898124866,0.0
2026-09-18 21:37:15.212371,40.921535644479796,1.815098510210461,11.513226900147766,0.0
2026-09-18 16:27:15.212371,43.18122509041052,1.9867423502944699,11.870226661208042,0.0
2026-09-19 06:00:15.212371,82.91316593197458,10.980591667549161,19.752093585059587,1.0
2026-09-19 00:37:15.212371,44.88883065817909,2.77811500470033,12.302257663177683,0.0
2026-09-19 05:27:15.212371,89.84092330266431,9.63647063777895,17.151527333203912,1.0
2026-09-18 20:02:15.212371,43.34900560641498,3.09473524446232,12.126869830747287,0.0
2026-09-18 21:24:15.212371,47.358594368127655,2.0823264733701214,12.317709015104613,0.0
2026-09-19 02:56:15.212371,43.15353350777819,2.4499229617600236,12.529968192023311,0.0
2026-09-18 22:36:15.212371,44.98405471736677,2.694289302265482,12.16337238230116,0.0
2026-09-19 00:00:15.212371,46.65881116236698,3.235585163746804,11.58242854918499,0.0
2026-09-18 14:44:15.212371,43.18395184895758,2.5411419946377123,11.786821201897228,0.0
2026-09-18 21:04:15.212371,44.77092030949476,2.6119570670323307,11.918466518028119,0.0
2026-09-19 05:12:15.212371,83.06434675105243,8.70390138471279,16.947504286965156,1.0
2026-09-18 23:41:15.212371,44.176246067755066,1.204478853927545,11.691819295980261,0.0
2026-09-18 20:49:15.212371,43.948489956638475,1.7147496981884114,12.43119673619138,0.0
2026-09-19 05:28:15.212371,83.34345808408338,11.018405668551148,16.860334143522483,1.0
2026-09-18 14:38:15.212371,45.48392454313207,3.2234889421768664,12.44155488857358,0.0
2026-09-18 22:07:15.212371,45.070527103943455,2.5380026957062056,11.931314105800302,0.0
2026-09-19 06:12:15.212371,78.11191249622881,8.361982902375171,18.1704188992678,1.0
2026-09-18 18:34:15.212371,48.530908480562196,3.238270174862948,12.484728600263368,0.0
2026-09-19 06:25:15.212371,89.62135069768915,8.934066835850404,15.787412975176732,1.0
2026-09-18 20:53:15.212371,48.752341678431776,2.387683425001488,12.258089143557479,0.0
2026-09-18 16:51:15.212371,46.56364574355462,1.9649576168369238,12.119184491367392,0.0
2026-09-19 02:59:15.212371,47.107283593215676,2.08655982298007,11.317022144399733,0.0
2026-09-18 21:53:15.212371,43.12024042734529,2.115013384470679,11.995349839430693,0.0
2026-09-18 23:56:15.212371,45.0368367583791,2.4135269700382884,12.49366725829455,0.0
2026-09-19 02:15:15.212371,48.39291273658008,3.238765040527631,12.443827712936917,0.0
2026-09-18 20:55:15.212371,43.846192688675195,2.0158277725681826,12.21596127233697,0.0
2026-09-18 23:17:15.212371,41.67695987546208,3.1093809258486584,12.009808328846995,0.0
2026-09-18 14:30:15.212371,44.53169325055333,2.282751886283842,11.758628238908983,0.0
2026-09-19 04:00:15.212371,90.08830733421752,8.898191584342865,21.665114086958404,1.0
2026-09-18 14:51:15.212371,45.22184517941973,3.2266922385588503,12.540024032857325,0.0
2026-09-18 18:02:15.212371,43.454349570924855,2.1742909981927756,10.924092299335348,0.0
2026-09-18 21:12:15.212371,42.86475914123481,2.1490041560966224,12.000602737681112,0.0
2026-09-19 04:02:15.212371,87.75738137619761,6.898739301832256,18.964133454670772,1.0
2026-09-18 23:55:15.212371,44.29697303191738,2.0575986429865494,12.233179187223167,0.0
2026-09-19 02:14:15.212371,40.83614118423256,2.5442034431459235,12.267252824240275,0.0
2026-09-18 14:31:15.212371,44.53172608610164,2.3454139382656805,11.523335695870644,0.0
2026-09-18 15:25:15.212371,46.95109025424472,2.8164659088777553,12.569939280564522,0.0
2026-09-19 01:40:15.212371,42.184976610564355,2.10755084345888,11.456377030568598,0.0
2026-09-18 18:30:15.212371,42.599407185888445,2.41368635002959,12.0799281959987,0.0
2026-09-18 21:20:15.212371,45.66462802395918,2.352525160853986,12.414737420965874,0.0
2026-09-19 02:58:15.212371,43.04825349404533,2.0610087066217195,12.341784661600238,0.0
2026-09-18 18:54:15.212371,44.11991102660603,2.2661493993440542,11.454516784892402,0.0
2026-09-19 03:40:15.212371,42.837886919183475,1.3185337822290808,11.95828101510482,0.0
2026-09-18 22:54:15.212371,45.09704325588965,3.042947782915789,11.835690762125507,0.0
2026-09-19 04:07:15.212371,90.84794996213887,9.183585031063279,19.690315942368642,1.0
2026-09-19 01:20:15.212371,50.14671960649972,2.782754822815772,11.37380327779344,0.0
2026-09-18 21:50:15.212371,42.39106099899029,2.1753612274669964,11.5887900338089,0.0
2026-09-18 15:37:15.212371,48.07607313293194,2.1008513777307734,11.816587794092657,0.0
2026-09-18 18:24:15.212371,43.67642707046323,2.612225909279986,11.98338500467777,0.0
2026-09-18 23:11:15.212371,41.390235798670965,1.5122667168230643,12.273559557587605,0.0
2026-09-18 20:31:15.212371,44.19755905622833,3.7198762031696364,12.044790340627625,0.0
2026-09-18 17:08:15.212371,47.31719115801481,2.598260584850735,12.037716819450797,0.0
2026-09-19 03:19:15.212371,46.94510889925346,1.8217090976882975,12.250891368083773,0.0
2026-09-18 21:34:15.212371,47.11684897369918,2.981939558397455,12.104829707637313,0.0
2026-09-19 00:15:15.212371,43.28783234818226,2.1232910648269083,12.29427663488536,0.0
2026-09-18 22:41:15.212371,46.07782008736932,2.4505551734044286,11.96211785673227,0.0
2026-09-19 04:34:15.212371,81.08117167206802,8.023427500924404,16.784249478648363,1.0
2026-09-18 17:11:15.212371,45.825561853873,3.220058607724736,11.578376702341904,0.0
2026-09-19 01:22:15.212371,45.02785858382589,2.876670810552266,12.44344369504865,0.0
2026-09-19 01:18:15.212371,44.46222261889034,2.6203765897442843,11.27441215497422,0.0
2026-09-19 00:27:15.212371,43.15566935164475,2.768326376263643,11.904548104136351,0.0
2026-09-18 23:14:15.212371,45.51944500344296,1.8951526285794462,12.357690657720623,0.0
2026-09-19 03:30:15.212371,46.11958089586208,2.7144082501652864,12.016398497705794,0.0
2026-09-19 01:52:15.212371,44.51934920368373,1.7908171335334842,12.391695254641299,0.0
2026-09-19 02:07:15.212371,47.09801845167378,2.224407141835733,11.500969686342794,0.0
2026-09-18 14:33:15.212371,46.53486945830582,2.2606256891682612,12.81233922923478,0.0
2026-09-18 17:53:15.212371,46.027571901824416,2.8175859008409847,12.254362511614968,0.0
2026-09-19 00:36:15.212371,46.30873131270812,3.164097070924529,11.374796133015142,0.0
2026-09-19 01:43:15.212371,48.504540886847245,2.709766221953514,11.425602982420672,0.0
2026-09-18 14:47:15.212371,44.54844739902693,3.20467372009279,11.280861010841317,0.0
2026-09-18 17:54:15.212371,46.030095372612095,3.0247763576596673,11.209404648983933,0.0
2026-09-18 20:00:15.212371,46.950239466835505,2.3779216823546756,13.322171673508517,0.0
2026-09-18 21:10:15.212371,44.09986905704151,2.5244300351628524,11.053192666523108,0.0
2026-09-18 21:31:15.212371,47.7372631150647,2.435089650133287,12.091924772376847,0.0
2026-09-19 01:59:15.212371,46.231871213888525,2.5922756515985186,11.595867139179537,0.0
2026-09-18 22:35:15.212371,46.7632795138989,1.4235547035237586,12.726233767235373,0.0
2026-09-18 17:36:15.212371,44.10697009586596,2.6041914039737764,11.062413765177128,0.0
2026-09-19 03:06:15.212371,43.84872434752445,2.489316352825782,11.485314245908965,0.0
2026-09-19 04:18:15.212371,84.88223924562881,8.29593839844681,21.125777537016397,1.0
2026-09-18 20:50:15.212371,43.48173467689261,2.005185931714831,12.476562522688043,0.0
2026-09-18 16:16:15.212371,41.162457569401916,2.3461108825234995,12.553540334643486,0.0
2026-09-19 00:38:15.212371,45.55993725263964,2.7279438860408036,12.441166531161704,0.0
2026-09-18 23:37:15.212371,44.68864552921584,1.5990097812099902,12.83073508286401,0.0
2026-09-18 19:03:15.212371,43.79956624568241,2.2859424195170437,11.895389063127736,0.0
2026-09-18 21:44:15.212371,41.59323512128969,2.7844915395926377,11.987212843904002,0.0
2026-09-19 05:22:15.212371,83.60518534834095,9.622650091509243,13.831774121002823,1.0
2026-09-19 00:13:15.212371,43.30031126107042,3.2807555983634265,11.866673835382793,0.0
2026-09-19 04:42:15.212371,82.09973379314978,6.3620991494070305,16.564162218504798,1.0
2026-09-18 23:49:15.212371,44.34795293566432,2.0134655295592223,12.570074519260633,0.0
2026-09-18 23:28:15.212371,46.05960835583056,2.718469084873175,12.086670832185204,0.0
2026-09-18 18:32:15.212371,44.05010937767809,2.82616143920671,12.63285392043235,0.0
2026-09-19 01:39:15.212371,44.25711826800842,2.5073440973645984,12.017076208744012,0.0
2026-09-18 22:40:15.212371,48.04624815453931,2.5409146792737825,12.519555893710134,0.0
2026-09-19 02:01:15.212371,44.38090712137202,3.5030464440795615,12.261257052632878,0.0
2026-09-19 06:46:15.212371,86.86052736303431,9.311775611198783,18.52804016266734,1.0
2026-09-19 02:03:15.212371,42.49777284722939,3.1041831152965713,12.700799296473214,0.0
2026-09-19 02:40:15.212371,47.05831127465129,2.266981749065879,12.445191581759893,0.0
2026-09-19 00:40:15.212371,49.89150395923365,2.1782408848099286,11.76497892612025,0.0
2026-09-18 22:02:15.212371,44.785939280090886,3.336286193418852,11.76188956322767,0.0
2026-09-19 00:31:15.212371,48.75359162511613,2.1216024557152697,12.236203138940189,0.0
2026-09-19 05:15:15.212371,75.40163421901173,8.918703191020404,18.765977969481856,1.0
2026-09-19 02:37:15.212371,43.043254444769936,1.615780317218574,11.964200374070966,0.0
2026-09-18 21:43:15.212371,42.23979708357022,2.2232058791460028,11.745518187146251,0.0
